code,parent,label_et
A,,"PÕLLUMAJANDUS, METSAMAJANDUS JA KALAPÜÜK"
01,A,"Taime- ja loomakasvatus, jahindus ja neid teenindavad tegevusalad"
011,01,Üheaastaste põllukultuuride kasvatus
0111,011,"Teravilja- (v.a riis), kaunvilja- ja õlitaimeseemnete kasvatus"
01111,0111,"Teravilja- (v.a riis), kaunvilja- ja õlitaimeseemnete kasvatus"
0112,011,Riisikasvatus
01121,0112,Riisikasvatus
0113,011,"Köögivilja- ja melonikasvatus, juurvilja- ja mugulviljakasvatus"
01131,0113,"Köögivilja- ja melonikasvatus, juurvilja- ja mugulviljakasvatus"
0114,011,Suhkrurookasvatus
01141,0114,Suhkrurookasvatus
0115,011,Tubakakasvatus
01151,0115,Tubakakasvatus
0116,011,Kiutaimekasvatus
01161,0116,Kiutaimekasvatus
0119,011,Muude üheaastaste põllukultuuride kasvatus
01191,0119,Lillekasvatus
01192,0119,Sööda- ja heintaimekasvatus jm üheaastaste põllukultuuride kasvatus
012,01,Mitmeaastaste taimede kasvatus
0121,012,Viinamarjakasvatus
01211,0121,Viinamarjakasvatus
0122,012,Troopiliste ja subtroopiliste viljade kasvatus
01221,0122,Troopiliste ja subtroopiliste viljade kasvatus
0123,012,Tsitruseliste kasvatus
01231,0123,Tsitruseliste kasvatus
0124,012,Õun- ja luuviljaliste puuviljade kasvatus
01241,0124,Õun- ja luuviljaliste puuviljade kasvatus
0125,012,"Muu puuvilja-, marja- ning pähklikasvatus"
01251,0125,"Muu puuvilja-, marja- ning pähklikasvatus"
0126,012,Õliviljade kasvatus
01261,0126,Õliviljade kasvatus
0127,012,Joogitaimekasvatus
01271,0127,Joogitaimekasvatus
0128,012,"Vürtsi-, maitse-, uimastavate taimede ja ravimtaimede kasvatus"
01281,0128,"Vürtsi-, maitse-, uimastavate taimede ja ravimtaimede kasvatus"
0129,012,Muude mitmeaastaste taimede kasvatus
01291,0129,Muude mitmeaastaste taimede kasvatus
013,01,Taimede paljundamine
0130,013,Taimede paljundamine
01301,0130,Taimede paljundamine
014,01,Loomakasvatus
0141,014,Piimakarjakasvatus
01411,0141,Piimakarjakasvatus
0142,014,Muu veislaste ja pühvlikasvatus
01421,0142,Muu veislaste ja pühvlikasvatus
0143,014,Hobusekasvatus ja muude hobuslaste kasvatus
01431,0143,Hobusekasvatus ja muude hobuslaste kasvatus
0144,014,Kaamelikasvatus
01441,0144,Kaamelikasvatus
0145,014,Lamba- ja kitsekasvatus
01451,0145,Lamba- ja kitsekasvatus
0146,014,Seakasvatus
01461,0146,Seakasvatus
0147,014,Kodulinnukasvatus
01471,0147,Kodulinnukasvatus
0148,014,Muu loomakasvatus
01481,0148,Mesindus
01489,0148,Muu loomakasvatus
015,01,Segapõllumajandus
0150,015,Segapõllumajandus
01501,0150,Segapõllumajandus
016,01,Põllumajandust abistavad tegevusalad ja saagikoristusjärgsed tegevused
0161,016,Taimekasvatuse abitegevused
01611,0161,Taimekasvatuse abitegevused
0162,016,Loomakasvatuse abitegevused
01621,0162,Loomakasvatuse abitegevused
0163,016,Saagikoristusjärgsed tegevused ja seemnete töötlemine paljundamiseks
01631,0163,Saagikoristusjärgsed tegevused
01632,0163,Seemnete töötlemine paljundamiseks
017,01,Jahindus ja seda teenindavad tegevusalad
0170,017,Jahindus ja seda teenindavad tegevusalad
01701,0170,Jahindus ja seda teenindavad tegevusalad
02,A,Metsamajandus ja metsavarumine
021,02,Metsakasvatus ja muud metsamajanduse tegevusalad
0210,021,Metsakasvatus ja muud metsamajanduse tegevusalad
02101,0210,Metsakasvatus ja muud metsamajanduse tegevusalad
022,02,Metsavarumine
0220,022,Metsavarumine
02201,0220,Metsavarumine
02202,0220,Küttepuude tootmine
023,02,"Loodussaaduste, v.a puidu varumine"
0230,023,"Loodussaaduste, v.a puidu varumine"
02301,0230,"Loodussaaduste, v.a puidu varumine"
024,02,Metsamajandust abistavad tegevused
0240,024,Metsamajandust abistavad tegevused
02401,0240,Metsamajandust abistavad tegevused
03,A,Kalapüük ja vesiviljelus
031,03,Kalapüük
0311,031,Merekalapüük
03111,0311,Merekalapüük
0312,031,Mageveekalapüük
03121,0312,Mageveekalapüük
032,03,Vesiviljelus
0321,032,Mere-vesiviljelus
03211,0321,Mere-vesiviljelus
0322,032,Magevee-vesiviljelus
03221,0322,Magevee-vesiviljelus
033,03,Kalapüüki ja vesiviljelust abistavad tegevusalad
0330,033,Kalapüüki ja vesiviljelust abistavad tegevusalad
03301,0330,Kalapüüki ja vesiviljelust abistavad tegevusalad
B,,MÄETÖÖSTUS
05,B,Kivi- ja pruunsöe kaevandamine
051,05,Kivisöe kaevandamine
0510,051,Kivisöe kaevandamine
05101,0510,Kivisöe kaevandamine
052,05,Pruunsöe kaevandamine
0520,052,Pruunsöe kaevandamine
05201,0520,Pruunsöe kaevandamine
06,B,Toornafta ja maagaasi tootmine
061,06,Toornafta tootmine
0610,061,Toornafta tootmine
06101,0610,Toornafta tootmine ja põlevkivi kaevandamine
062,06,Maagaasi tootmine
0620,062,Maagaasi tootmine
06201,0620,Maagaasi tootmine
07,B,Metallimaakide kaevandamine
071,07,Rauamaagi kaevandamine
0710,071,Rauamaagi kaevandamine
07101,0710,Rauamaagi kaevandamine
072,07,Mitteraudmetallide maakide kaevandamine
0721,072,Uraani- ja tooriumimaagi kaevandamine
07211,0721,Uraani- ja tooriumimaagi kaevandamine
0729,072,Muude mitteraudmetallide maakide kaevandamine
07291,0729,Muude mitteraudmetallide maakide kaevandamine
08,B,Muu kaevandamine
081,08,"Kivi, liiva ja savi kaevandamine"
0811,081,"Dekoratiivkivi, lubjakivi, kipsi, kiltkivi ja muu kivi kaevandamine"
08111,0811,"Dekoratiivkivi, lubjakivi, kipsi, kiltkivi ja muu kivi kaevandamine"
0812,081,Kruusa- ja liivakarjääride tegevus ning savi ja kaoliini kaevandamine
08121,0812,Kruusa- ja liivakarjääride tegevus ning savi ja kaoliini kaevandamine
08122,0812,Killustiku tootmine
089,08,Mujal liigitamata kaevandamine
0891,089,Kemikaalide ja mineraalväetiste toorme kaevandamine
08911,0891,Kemikaalide ja mineraalväetiste toorme kaevandamine
0892,089,Turba tootmine
08921,0892,Turba tootmine
0893,089,Soola kaevandamine
08931,0893,Soola kaevandamine
0899,089,Muu mujal liigitamata kaevandamine
08991,0899,Muu mujal liigitamata kaevandamine
09,B,Kaevandamist abistavad tegevusalad
091,09,Nafta ja maagaasi tootmist abistavad tegevusalad
0910,091,Nafta ja maagaasi tootmist abistavad tegevusalad
09101,0910,Nafta ja maagaasi tootmist abistavad tegevusalad
099,09,Muud kaevandamist abistavad tegevusalad
0990,099,Muud kaevandamist abistavad tegevusalad
09901,0990,Muud kaevandamist abistavad tegevusalad
C,,TÖÖTLEV TÖÖSTUS
10,C,Toiduainete tootmine
101,10,Liha töötlemine ja säilitamine ning lihatoodete tootmine
1011,101,"Liha, v.a linnuliha, töötlemine ja säilitamine"
10111,1011,"Liha, v.a linnuliha, töötlemine ja säilitamine"
1012,101,Linnuliha töötlemine ja säilitamine
10121,1012,"Linnuliha töötlemine ja säilitamine, k.a sulgede töötlemine"
1013,101,Liha- ja linnulihatoodete tootmine
10131,1013,Liha- ja linnulihatoodete tootmine
102,10,"Kala, koorikloomade ja molluskite töötlemine ja säilitamine"
1020,102,"Kala, koorikloomade ja molluskite töötlemine ja säilitamine"
10201,1020,"Kala, koorikloomade ja molluskite töötlemine ja säilitamine"
103,10,Puu- ja köögivilja töötlemine ja säilitamine
1031,103,Kartuli töötlemine ja säilitamine
10311,1031,Kartuli töötlemine ja säilitamine
1032,103,Puu- ja köögiviljamahla tootmine
10321,1032,Puu- ja köögiviljamahla tootmine
1039,103,Muu puu- ja köögivilja töötlemine ja säilitamine
10391,1039,Muu puu- ja köögivilja töötlemine ja säilitamine
104,10,Taimse ja loomse õli ja rasva tootmine
1041,104,Õli ja rasva tootmine
10411,1041,Õli ja rasva tootmine
1042,104,Margariini jms toidurasva tootmine
10421,1042,Margariini jms toidurasva tootmine
105,10,Piimatoodete ja toidujää tootmine
1051,105,Piimatoodete tootmine
10511,1051,"Värske piima töötlemine, rõõsa koore tootmine"
10512,1051,Juustu ja kohupiima tootmine
10519,1051,"Muude piimatoodete, k.a või tootmine"
1052,105,Jäätise ja muu toidujää tootmine
10521,1052,Jäätise ja muu toidujää tootmine
106,10,"Jahu ja tangainete, tärklise ja tärklisetoodete tootmine"
1061,106,Jahu ja tangainete tootmine
10611,1061,Jahu ja tangainete tootmine
1062,106,Tärklise ja tärklisetoodete tootmine
10621,1062,Tärklise ja tärklisetoodete tootmine
107,10,Pagari- ja makarontoodete tootmine
1071,107,Leivatootmine; lühikese realiseerimisajaga pagaritoodete tootmine
10711,1071,Leiva- ja saiatootmine; lühikese realiseerimisajaga pagaritoodete tootmine
1072,107,"Kuivikute, küpsiste, pika realiseerimisajaga pagaritoodete tootmine"
10721,1072,"Kuivikute, küpsiste, pika realiseerimisajaga pagaritoodete tootmine"
1073,107,Makarontoodete tootmine
10731,1073,Makarontoodete tootmine
108,10,Muude toiduainete tootmine
1081,108,Suhkrutootmine
10811,1081,Suhkrutootmine
1082,108,"Kakao, šokolaadi ja suhkrukondiitritoodete tootmine"
10821,1082,"Kakao, šokolaadi ja suhkrukondiitritoodete tootmine"
1083,108,Tee ja kohvi töötlemine
10831,1083,Tee ja kohvi töötlemine
1084,108,Maitseainete ja -kastmete tootmine
10841,1084,Maitseainete ja -kastmete tootmine
1085,108,Valmistoitude tootmine
10851,1085,Valmistoitude tootmine
1086,108,Homogeenitud toiduainete ja dieettoitude tootmine
10861,1086,Homogeenitud toiduainete ja dieettoitude tootmine
1089,108,Mujal liigitamata toiduainete tootmine
10891,1089,Mujal liigitamata toiduainete tootmine
109,10,Valmis loomasööda tootmine
1091,109,Valmissööda tootmine loomakasvatusele
10911,1091,Valmissööda tootmine loomakasvatusele
1092,109,Lemmikloomade valmistoidu tootmine
10921,1092,Lemmikloomade valmistoidu tootmine
11,C,Joogitootmine
110,11,Joogitootmine
1101,110,"Kange alkoholi destilleerimine, rektifitseerimine ja segamine"
11011,1101,"Kange alkoholi destilleerimine, rektifitseerimine ja segamine"
1102,110,Viinamarjaveini tootmine
11021,1102,Viinamarjaveini tootmine
1103,110,Siidri ja muude marjadest ja puuviljadest kääritatud jookide tootmine
11031,1103,Siidri ja muude marjadest ja puuviljadest kääritatud jookide tootmine
1104,110,Muude destilleerimata kääritatud jookide tootmine
11041,1104,Muude destilleerimata kääritatud jookide tootmine
1105,110,Õlletootmine
11051,1105,Õlletootmine
1106,110,Linnasetootmine
11061,1106,Linnasetootmine
1107,110,Alkoholivaba joogi ja villitud vee tootmine
11071,1107,Alkoholivaba joogi ja villitud vee tootmine
12,C,Tubakatoodete tootmine
120,12,Tubakatoodete tootmine
1200,120,Tubakatoodete tootmine
12001,1200,Tubakatoodete tootmine
13,C,Tekstiilitootmine
131,13,Tekstiilkiudude ettevalmistamine ja ketramine
1310,131,Tekstiilkiudude ettevalmistamine ja ketramine
13101,1310,Tekstiilkiudude ettevalmistamine ja ketramine
132,13,Tekstiilikudumine
1320,132,Tekstiilikudumine
13201,1320,Tekstiilikudumine
133,13,Tekstiili viimistlemine
1330,133,Tekstiili viimistlemine
13301,1330,Tekstiili viimistlemine
139,13,Muu tekstiilitootmine
1391,139,Silmkoe- ja heegelkanga (trikookanga) tootmine
13911,1391,Silmkoe- ja heegelkanga (trikookanga) tootmine
1392,139,Kodutekstiilide ja valmis sisustustarvete tootmine
13921,1392,"Kodutekstiilide, nt voodipesu, rätikute, kardinate jms tootmine"
13929,1392,Muude valmis tekstiiltoodete tootmine
1393,139,Vaipade ja vaipkatete tootmine
13931,1393,Vaipade ja vaipkatete tootmine
1394,139,"Nööri, köie ja võrgulina tootmine"
13941,1394,"Nööri, köie ja võrgulina tootmine"
1395,139,Lausriide ja lausriidest toodete tootmine
13951,1395,Lausriide ja lausriidest toodete tootmine
1396,139,Tehnilise ja tööstusliku otstarbega tekstiilide tootmine
13961,1396,Tehnilise ja tööstusliku otstarbega tekstiilide tootmine
1399,139,Mujal liigitamata tekstiilitootmine
13991,1399,Mujal liigitamata tekstiilitootmine
14,C,Rõivatootmine
141,14,Silmkoe- ja heegelrõivaste tootmine
1410,141,Silmkoe- ja heegelrõivaste tootmine
14101,1410,Silmkoe- ja heegelrõivaste tootmine
142,14,Muude rõivaste ja rõivalisandite tootmine
1421,142,Pealisrõivaste tootmine
14211,1421,Pealisrõivaste tootmine
1422,142,Alusrõivaste tootmine
14221,1422,Alusrõivaste tootmine
1423,142,Töörõivaste tootmine
14231,1423,Töörõivaste tootmine
1424,142,Nahast ja karusnahast rõivaste tootmine
14241,1424,Nahast ja karusnahast rõivaste tootmine
1429,142,Muude mujal liigitamata rõivaste ja rõivalisandite tootmine
14291,1429,"Peakatete valmistamine, k.a karusnahast"
14299,1429,Muude mujal liigitamata rõivaste ja rõivalisandite tootmine
15,C,Nahatöötlemine ning nahktoodete ja muust materjalist toodete tootmine
151,15,"Naha ja karusnaha parkimine, värvimine ja töötlemine; kohvrite, käekottide, sadulsepatoodete ja rakmete tootmine"
1511,151,"Naha ja karusnaha parkimine, töötlemine ja värvimine"
15111,1511,"Naha ja karusnaha parkimine, töötlemine ja värvimine"
1512,151,"Mis tahes materjalist kohvrite, käekottide, sadulsepatoodete ja rakmete tootmine"
15121,1512,"Kohvrite, käekottide jms kaupade tootmine"
15122,1512,"Sadulsepatoodete tootmine (sadulad, hobuserakmed jm)"
15129,1512,Muude nahktoodete ja mistahes materjalist sarnaste toodete tootmine
152,15,Jalatsitootmine
1520,152,Jalatsitootmine
15201,1520,Jalatsitootmine
16,C,"Puidutöötlemine ning puit- ja korktoodete tootmine, v.a mööbel; õlest vm punumismaterjalist toodete tootmine"
161,16,Puidu saagimine ja hööveldamine; puidu töötlemine ja viimistlemine
1611,161,Puidu saagimine ja hööveldamine
16111,1611,Puidu saagimine ja hööveldamine
1612,161,Puidu töötlemine ja viimistlemine
16121,1612,Puidu töötlemine ja viimistlemine
162,16,"Puidust, korgist, õlest vm punumismaterjalist toodete tootmine"
1621,162,Spooni ja puitplaatide tootmine
16211,1621,Spooni ja vineeri tootmine
16212,1621,Puitlaast- ja puitkiudplaatide tootmine
16219,1621,Muude puitplaatide tootmine
1622,162,Kilpparketi tootmine
16221,1622,Kilpparketi tootmine
1623,162,Ehituspuusepa- ja tisleritoodete tootmine
16231,1623,Kokkupandavate puitehitiste ja nende elementide tootmine
16239,1623,Muude ehituspuusepa- ja tisleritoodete tootmine
1624,162,Puittaara tootmine
16241,1624,Puittaara ja puitaluste tootmine
1625,162,Puituste ja -akende tootmine
16251,1625,Puituste ja -akende tootmine
1626,162,Taimsest biomassist tahkekütuste tootmine
16261,1626,Taimsest biomassist tahkekütuste tootmine
1627,162,Puittoodete viimistlemine
16271,1627,Puittoodete viimistlemine
1628,162,"Muude puittoodete ning korgist, õlest vm punumismaterjalist toodete tootmine"
16281,1628,Puidust tarbe- ja dekoratiivesemete jm puittoodete tootmine
16282,1628,"Korgist, õlest ja punumismaterjalist toodete tootmine"
17,C,Paberi ja pabertoodete tootmine
171,17,"Paberimassi, paberi ja papi tootmine"
1711,171,Paberimassi tootmine
17111,1711,Paberimassi tootmine
1712,171,Paberi- ja papitootmine
17121,1712,Paberi- ja papitootmine
172,17,Paber- ja papptoodete tootmine
1721,172,Lainepaberi ja -papi ning paber- ja papptaara tootmine
17211,1721,Lainepaberi ja -papi ning paber- ja papptaara tootmine
1722,172,Paberist kodu- ja hügieenitarvete ning tualettpaberi tootmine
17221,1722,Paberist kodu- ja hügieenitarvete ning tualettpaberi tootmine
1723,172,Paberist kirjatarvete tootmine
17231,1723,Paberist kirjatarvete tootmine
1724,172,Tapeeditootmine
17241,1724,Tapeeditootmine
1725,172,Muude paber- ja papptoodete tootmine
17251,1725,Muude paber- ja papptoodete tootmine
18,C,Trükindus ja salvestiste paljundus
181,18,Trükindus ja selle sidusalad
1811,181,Ajalehtede trükkimine
18111,1811,Ajalehtede trükkimine
1812,181,Muu trükkimine
18121,1812,Raamatute trükkimine
18122,1812,"Perioodikaväljaannete, reklaammaterjalide, blankettide jms trükkimine"
18129,1812,"Mujal liigitamata trükkimine, k.a siiditrükk"
1813,181,Trükieelne tegevus
18131,1813,Trükieelne tegevus
1814,181,Köitmine ja selle sidusalad
18141,1814,Köitmine ja selle sidusalad
182,18,Salvestiste paljundus
1820,182,Salvestiste paljundus
18201,1820,Salvestiste paljundus
19,C,Koksi ja puhastatud naftatoodete tootmine
191,19,Koksitootmine
1910,191,Koksitootmine
19101,1910,Koksitootmine
192,19,Puhastatud naftatoodete ja fossiilkütusetoodete tootmine
1920,192,Puhastatud naftatoodete ja fossiilkütusetoodete tootmine
19201,1920,Puhastatud naftatoodete ja fossiilkütusetoodete tootmine
20,C,Kemikaalide ja keemiatoodete tootmine
201,20,"Põhikemikaalide, väetise ja lämmastikuühendite tootmine; plasti ja sünteeskautšuki tootmine algkujul"
2011,201,Tööstusgaaside tootmine
20111,2011,Tööstusgaaside tootmine
2012,201,Värvainete ja pigmentide tootmine
20121,2012,Värvainete ja pigmentide tootmine
2013,201,Muude anorgaaniliste põhikemikaalide tootmine
20131,2013,Muude anorgaaniliste põhikemikaalide tootmine
2014,201,Muude orgaaniliste põhikemikaalide tootmine
20141,2014,Muude orgaaniliste põhikemikaalide tootmine
2015,201,Väetiste ja lämmastikuühendite tootmine
20151,2015,Väetiste ja lämmastikuühendite tootmine
2016,201,Plasti tootmine algkujul
20161,2016,Plasti tootmine algkujul
2017,201,Sünteeskautšuki (toorkummi) tootmine algkujul
20171,2017,Sünteeskautšuki (toorkummi) tootmine algkujul
202,20,"Taimekaitsevahendite, desinfektsioonivahendite ja muude agrokeemiatoodete tootmine"
2020,202,"Taimekaitsevahendite, desinfektsioonivahendite ja muude agrokeemiatoodete tootmine"
20201,2020,"Taimekaitsevahendite, desinfektsioonivahendite ja muude agrokeemiatoodete tootmine"
203,20,"Värvide, lakkide ja muude viimistlusvahendite ning trükivärvide ja mastiksite tootmine"
2030,203,"Värvide, lakkide ja muude viimistlusvahendite ning trükivärvide ja mastiksite tootmine"
20301,2030,"Värvide, lakkide ja muude viimistlusvahendite ning trükivärvide ja mastiksite tootmine"
204,20,"Pesemis-, puhastus- ja poleervahendite tootmine"
2041,204,"Seebi, pesemis-, puhastus- ja poleervahendite tootmine"
20411,2041,"Seebi, pesemis-, puhastus- ja poleervahendite tootmine"
2042,204,Parfüümide ja tualetitarvete tootmine
20421,2042,Parfüümide ja tualetitarvete tootmine
205,20,Muude keemiatoodete tootmine
2051,205,Vedelate biokütuste tootmine
20511,2051,Vedelate biokütuste tootmine
2059,205,Mujal liigitamata keemiatoodete tootmine
20591,2059,Lõhkeaine tootmine
20592,2059,Liimitootmine
20593,2059,Eeterlike õlide tootmine
20599,2059,Mujal liigitamata keemiatoodete tootmine
206,20,Keemilise kiu tootmine
2060,206,Keemilise kiu tootmine
20601,2060,Keemilise kiu tootmine
21,C,Põhifarmaatsiatoodete ja ravimpreparaatide tootmine
211,21,Põhifarmaatsiatoodete tootmine
2110,211,Põhifarmaatsiatoodete tootmine
21101,2110,Põhifarmaatsiatoodete tootmine
212,21,Ravimpreparaatide tootmine
2120,212,Ravimpreparaatide tootmine
21201,2120,Ravimpreparaatide tootmine
22,C,Kummi- ja plasttoodete tootmine
221,22,Kummitoodete tootmine
2211,221,"Kummirehvide tootmine, protekteerimine ja taastamine ning sisekummide tootmine"
22111,2211,"Kummirehvide tootmine, protekteerimine ja taastamine ning sisekummide tootmine"
2212,221,Muude kummitoodete tootmine
22121,2212,Muude kummitoodete tootmine
222,22,Plasttoodete tootmine
2221,222,"Plastplaatide, -lehtede, -torude ja -profiilide tootmine"
22211,2221,"Plastplaatide, -lehtede, -torude ja -profiilide tootmine"
2222,222,Plasttaara tootmine
22221,2222,Plasttaara tootmine
2223,222,Plastuste ja -akende tootmine
22231,2223,"Plastuste, -akende, -vaheseinte jms tootmine"
2224,222,Plastist ehitustoodete tootmine
22241,2224,"Plastist sanitaartoodete tootmine (vannid, kraanikausid jne)"
22249,2224,Muude plastist ehitustoodete tootmine
2225,222,Plasttoodete töötlemine ja viimistlemine
22251,2225,Plasttoodete töötlemine ja viimistlemine
2226,222,Muude plasttoodete tootmine
22261,2226,Muude plasttoodete tootmine
23,C,Muude mittemetalsetest mineraalidest toodete tootmine
231,23,Klaasi ja klaastoodete tootmine
2311,231,Lehtklaasi tootmine
23111,2311,Lehtklaasi tootmine
2312,231,Lehtklaasi vormimine ja töötlemine
23121,2312,Lehtklaasi vormimine ja töötlemine
2313,231,Klaasanumate tootmine
23131,2313,Klaasnõude (v.a klaastaara) ja sisekujunduses vm kasutatavate klaasesemete tootmine
23132,2313,Klaastaara tootmine
2314,231,Klaaskiutootmine
23141,2314,Klaaskiutootmine
2315,231,"Muu klaasi tootmine ja töötlemine, sh tehniline klaas"
23151,2315,Klaasist ehitusmaterjalide tootmine
23159,2315,Muude klaastoodete ja tehnilise klaasi tootmine
232,23,Tulekindlate toodete tootmine
2320,232,Tulekindlate toodete tootmine
23201,2320,Tulekindlate toodete tootmine
233,23,Savist ehitusmaterjalide tootmine
2331,233,Keraamiliste kivide ja plaatide tootmine
23311,2331,Keraamiliste kivide ja plaatide tootmine
2332,233,"Põletatud savist telliste, kivide ja muude ehitustoodete tootmine"
23321,2332,"Põletatud savist telliste, kivide ja muude ehitustoodete tootmine"
234,23,Muude portselan- ja keraamikatoodete tootmine
2341,234,Kodu- ja ehiskeraamika tootmine
23411,2341,Kodu- ja ehiskeraamika tootmine
2342,234,Keraamiliste sanitaarseadmete tootmine
23421,2342,Keraamiliste sanitaarseadmete tootmine
2343,234,Keraamiliste isolaatorite ja isolatsioonielementide tootmine
23431,2343,Keraamiliste isolaatorite ja isolatsioonielementide tootmine
2344,234,Muu tehnilise keraamika tootmine
23441,2344,Muu tehnilise keraamika tootmine
2345,234,Muu keraamika tootmine
23451,2345,Muu keraamika tootmine
235,23,"Tsemendi-, lubja- ja kipsitootmine"
2351,235,Tsemenditootmine
23511,2351,Tsemenditootmine
2352,235,Lubja- ja kipsitootmine
23521,2352,Lubja- ja kipsitootmine
236,23,"Betoon-, tsement- ja kipstoodete tootmine"
2361,236,Betoonist ehitustoodete tootmine
23611,2361,Kokkupandavate betoonehitiste ja nende elementide tootmine
23619,2361,Betoonist muude ehitustoodete tootmine
2362,236,Kipsist ehitustoodete tootmine
23621,2362,Kipsist ehitustoodete tootmine
2363,236,Valmis betoonisegu tootmine
23631,2363,Valmis betoonisegu tootmine
2364,236,Mörditootmine
23641,2364,Mörditootmine
2365,236,Kiudtsemendi tootmine
23651,2365,Kiudtsemendi tootmine
2366,236,"Muude betoon-, tsement- ja kipstoodete tootmine"
23661,2366,"Muude betoon-, tsement- ja kipstoodete tootmine"
237,23,"Kivilõikamine, -vormimine ja -viimistlus"
2370,237,"Kivilõikamine, -vormimine ja -viimistlus"
23701,2370,"Looduskivist hauakivide, -plaatide jms valmistamine"
23702,2370,Paekivist ja dolomiidist ehitusmaterjalide jm toodete tootmine
23703,2370,"Graniidist, marmorist jm looduslikust kivist toodete tootmine"
239,23,Mujal liigitamata abrasiivtoodete ja mittemetalsetest mineraalidest toodete tootmine
2391,239,Abrasiivtoodete tootmine
23911,2391,Abrasiivtoodete tootmine
2399,239,Mujal liigitamata muude mittemetalsetest mineraalidest toodete tootmine
23991,2399,Mujal liigitamata muude mittemetalsetest mineraalidest toodete tootmine
24,C,Metallitootmine
241,24,"Raua, terase ja ferrosulamite tootmine"
2410,241,"Raua, terase ja ferrosulamite tootmine"
24101,2410,"Raua, terase ja ferrosulamite tootmine"
242,24,"Terastorude, -õõnesprofiilide jms -toruliitmike tootmine"
2420,242,"Terastorude, -õõnesprofiilide jms -toruliitmike tootmine"
24201,2420,"Terastorude, -õõnesprofiilide jms -toruliitmike tootmine"
243,24,Muude terase esmatöötlustoodete tootmine
2431,243,Külmtõmbamine lattideks
24311,2431,Külmtõmbamine lattideks
2432,243,Külmvaltsimine kitsasteks ribadeks
24321,2432,Külmvaltsimine kitsasteks ribadeks
2433,243,Külmvormimine ja -painutamine
24331,2433,Külmvormimine ja -painutamine
2434,243,Traadi külmtõmbamine
24341,2434,Traadi külmtõmbamine
244,24,Vääris- ja muude mitteraudmetallide tootmine
2441,244,Väärismetallitootmine
24411,2441,Väärismetallitootmine
2442,244,Alumiiniumitootmine
24421,2442,Alumiiniumitootmine
2443,244,"Plii-, tsingi- ja tinatootmine"
24431,2443,"Plii-, tsingi- ja tinatootmine"
2444,244,Vasetootmine
24441,2444,Vasetootmine
2445,244,Muude mitteraudmetallide tootmine
24451,2445,Muude mitteraudmetallide tootmine
2446,244,Tuumkütuse töötlemine
24461,2446,Tuumkütuse töötlemine
245,24,Metallivalu
2451,245,Malmivalu
24511,2451,Malmivalu
2452,245,Terasevalu
24521,2452,Terasevalu
2453,245,Kergmetallide valu
24531,2453,Kergmetallide valu
2454,245,Muude mitteraudmetallide valu
24541,2454,Muude mitteraudmetallide valu
25,C,"Metalltoodete tootmine, v.a masinad ja seadmed"
251,25,Metallkonstruktsioonide tootmine
2511,251,Metallkonstruktsioonide ja nende osade tootmine
25111,2511,Kokkupandavate metallehitiste tootmine
25119,2511,Muude metallkonstruktsioonide ja nende osade tootmine
2512,251,Metalluste ja -akende tootmine
25121,2512,Metalluste ja -akende tootmine
252,25,"Metallpaakide, -reservuaaride ja -mahutite tootmine"
2521,252,"Keskkütteradiaatorite, aurukatelde ja kuumaveekatelde tootmine"
25211,2521,"Keskkütteradiaatorite, aurukatelde ja kuumaveekatelde tootmine"
2522,252,"Muude metallpaakide, -reservuaaride ja -mahutite tootmine"
25221,2522,"Muude metallpaakide, -reservuaaride ja -mahutite tootmine"
253,25,Relva- ja laskemoonatootmine
2530,253,Relva- ja laskemoonatootmine
25301,2530,Relva- ja laskemoonatootmine
254,25,Metalli sepistamine ja vormimine ning pulbermetallurgia
2540,254,Metalli sepistamine ja vormimine ning pulbermetallurgia
25401,2540,Metalli sepistamine ja vormimine ning pulbermetallurgia
255,25,Metallitöötlus ja metallpindade katmine; mehaaniline metallitöötlus
2551,255,Metallpindade katmine
25511,2551,Metallpindade katmine
2552,255,Metallide kuumtöötlemine
25521,2552,Metallide kuumtöötlemine
2553,255,Mehaaniline metallitöötlus
25531,2553,Mehaaniline metallitöötlus
256,25,Lõike- ja tööriistade ning rauakaupade tootmine
2561,256,Lõike- ja söögiriistade tootmine
25611,2561,Lõike- ja söögiriistade tootmine
2562,256,Lukkude ja hingede tootmine
25621,2562,Lukkude ja hingede tootmine
2563,256,Tööriistade tootmine
25631,2563,Tööriistade tootmine
259,25,Muude metalltoodete tootmine
2591,259,Terasvaatide jms mahutite tootmine
25911,2591,Terasvaatide jms mahutite tootmine
2592,259,Kergmetalltaara tootmine
25921,2592,Kergmetalltaara tootmine
2593,259,"Traaditoodete, kettide ja vedrude tootmine"
25931,2593,"Traaditoodete, kettide ja vedrude tootmine"
2594,259,Kinnituselementide ja keermestatud toodete tootmine
25941,2594,Kinnituselementide ja keermestatud toodete tootmine
2599,259,Mujal liigitamata metalltoodete tootmine
25991,2599,Mujal liigitamata metalltoodete tootmine
26,C,"Arvutite, elektroonika- ja optikaseadmete tootmine"
261,26,Elektronkomponentide ja trükkplaatide tootmine
2611,261,Elektronkomponentide tootmine
26111,2611,Elektronkomponentide tootmine
2612,261,Trükkplaatide tootmine
26121,2612,Trükkplaatide tootmine
262,26,Arvutite ja arvuti välisseadmete tootmine
2620,262,Arvutite ja arvuti välisseadmete tootmine
26201,2620,Arvutite ja arvuti välisseadmete tootmine
263,26,Sideseadmete tootmine
2630,263,Sideseadmete tootmine
26301,2630,Sideseadmete tootmine
264,26,Tarbeelektroonika tootmine
2640,264,Tarbeelektroonika tootmine
26401,2640,Tarbeelektroonika tootmine
265,26,Mõõte- ja katseseadmete ning ajanäitajate tootmine
2651,265,"Mõõte-, katse- ja navigatsiooniseadmete tootmine"
26511,2651,"Mõõte-, katse- ja navigatsiooniseadmete tootmine"
2652,265,Ajanäitajate tootmine
26521,2652,Ajanäitajate tootmine
266,26,"Kiiritus-, elektromeditsiini- ja elektroteraapiaseadmete tootmine"
2660,266,"Kiiritus-, elektromeditsiini- ja elektroteraapiaseadmete tootmine"
26601,2660,"Kiiritus-, elektromeditsiini- ja elektroteraapiaseadmete tootmine"
267,26,"Optikainstrumentide, magnet- ja optiliste andmekandjate ning fotoseadmete tootmine"
2670,267,"Optikainstrumentide, magnet- ja optiliste andmekandjate ning fotoseadmete tootmine"
26701,2670,"Optikainstrumentide, magnet- ja optiliste andmekandjate ning fotoseadmete tootmine"
27,C,Elektriseadmete tootmine
271,27,"Elektrimootorite, -generaatorite, trafode ja elektrijaotusseadmete ning juhtaparatuuri tootmine"
2711,271,"Elektrimootorite, -generaatorite ja trafode tootmine"
27111,2711,"Elektrimootorite, -generaatorite ja trafode tootmine"
2712,271,Elektrijaotusseadmete ja juhtaparatuuri tootmine
27121,2712,Elektrijaotusseadmete ja juhtaparatuuri tootmine
272,27,Patareide ja akude tootmine
2720,272,Patareide ja akude tootmine
27201,2720,Patareide ja akude tootmine
273,27,Juhtmestiku ja selle tarvikute tootmine
2731,273,Kiudoptilise kaabli tootmine
27311,2731,Kiudoptilise kaabli tootmine
2732,273,Muu elektroonika- ja elektrijuhtmete või -kaabli tootmine
27321,2732,Muu elektroonika- ja elektrijuhtmete või -kaabli tootmine
2733,273,Juhtmestiku tarvikute tootmine
27331,2733,Juhtmestiku tarvikute tootmine
274,27,Valgustusseadmete tootmine
2740,274,Valgustusseadmete tootmine
27401,2740,Valgustusseadmete tootmine
275,27,Kodumasinate tootmine
2751,275,Elektriliste kodumasinate tootmine
27511,2751,Elektriliste kodumasinate tootmine
2752,275,Mitteelektriliste kodumasinate tootmine
27521,2752,Mitteelektriliste kodumasinate tootmine
279,27,Muude elektriseadmete tootmine
2790,279,Muude elektriseadmete tootmine
27901,2790,Muude elektriseadmete tootmine
28,C,Mujal liigitamata masinate ja seadmete tootmine
281,28,Üldmasinate tootmine
2811,281,"Mootorite ja turbiinide tootmine, v.a õhusõidukite, mootorsõidukite ja mootorrataste mootorid"
28111,2811,"Mootorite ja turbiinide tootmine, v.a õhusõidukite, mootorsõidukite ja mootorrataste mootorid"
2812,281,Hüdrauliliste ja pneumaatiliste jõuseadmete tootmine
28121,2812,Hüdrauliliste ja pneumaatiliste jõuseadmete tootmine
2813,281,Muude pumpade ja kompressorite tootmine
28131,2813,Muude pumpade ja kompressorite tootmine
2814,281,Muude kraanide ja ventiilide tootmine
28141,2814,Muude kraanide ja ventiilide tootmine
2815,281,"Laagrite, ajamite, hammasülekannete ja ülekandeelementide tootmine"
28151,2815,"Laagrite, ajamite, hammasülekannete ja ülekandeelementide tootmine"
282,28,Muude üldmasinate tootmine
2821,282,"Ahjude, tööstusahjude ja kodumajapidamises kasutatavate püsikütteseadmete tootmine"
28211,2821,"Ahjude, tööstusahjude ja kodumajapidamises kasutatavate püsikütteseadmete tootmine"
2822,282,Tõste- ja teisaldusseadmete tootmine
28221,2822,Tõste- ja teisaldusseadmete tootmine
2823,282,"Kontorimasinate ja -seadmete tootmine, v.a arvutid ja arvuti välisseadmed"
28231,2823,"Kontorimasinate ja -seadmete tootmine, v.a arvutid ja arvuti välisseadmed"
2824,282,Ajamiga käsi-tööriistade tootmine
28241,2824,Ajamiga käsi-tööriistade tootmine
2825,282,Tööstuslike kliimaseadmete tootmine
28251,2825,Tööstuslike kliimaseadmete tootmine
2829,282,Mujal liigitamata üldmasinate ja mehhanismide tootmine
28291,2829,Mujal liigitamata üldmasinate ja mehhanismide tootmine
283,28,Põllu- ja metsamajandusmasinate tootmine
2830,283,Põllu- ja metsamajandusmasinate tootmine
28301,2830,Põllumajandusmasinate tootmine
28302,2830,Metsamajandusmasinate tootmine
284,28,Metallistantside ja muude tööpinkide tootmine
2841,284,Metallistantside ja muude metallitööpinkide tootmine
28411,2841,Metallistantside ja muude metallitööpinkide tootmine
2842,284,Muude tööpinkide tootmine
28421,2842,Muude tööpinkide tootmine
289,28,Muude erimasinate tootmine
2891,289,Metallurgiamasinate tootmine
28911,2891,Metallurgiamasinate tootmine
2892,289,"Kaevandus-, karjääri- ja ehitusmasinate tootmine"
28921,2892,"Kaevandus-, karjääri- ja ehitusmasinate tootmine"
2893,289,"Toiduaine-, joogi- ja tubakatööstusmasinate tootmine"
28931,2893,"Toiduaine-, joogi- ja tubakatööstusmasinate tootmine"
2894,289,"Tekstiili-, rõiva- ja nahatööstusmasinate tootmine"
28941,2894,"Tekstiili-, rõiva- ja nahatööstusmasinate tootmine"
2895,289,Paberi- ja papitööstusmasinate tootmine
28951,2895,Paberi- ja papitööstusmasinate tootmine
2896,289,Plasti- ja kummitööstusmasinate tootmine
28961,2896,Plasti- ja kummitööstusmasinate tootmine
2897,289,Kihtlisandustootmise seadmete tootmine
28971,2897,Kihtlisandustootmise seadmete tootmine
2899,289,Mujal liigitamata erimasinate tootmine
28991,2899,Mujal liigitamata erimasinate tootmine
29,C,"Mootorsõidukite, haagiste ja poolhaagiste tootmine"
291,29,Mootorsõidukite tootmine
2910,291,Mootorsõidukite tootmine
29101,2910,Mootorsõidukite tootmine
292,29,Mootorsõidukikerede tootmine; haagiste ja poolhaagiste tootmine
2920,292,Mootorsõidukikerede tootmine; haagiste ja poolhaagiste tootmine
29201,2920,Mootorsõidukikerede tootmine
29202,2920,"Haagiste, poolhaagiste ning konteinerite tootmine"
293,29,Mootorsõidukite osade ja lisaseadmete tootmine
2931,293,Mootorsõidukite elektri- ja elektroonikaseadmete tootmine
29311,2931,Mootorsõidukite elektri- ja elektroonikaseadmete tootmine
2932,293,Mootorsõidukite muude osade ja lisaseadmete tootmine
29321,2932,Mootorsõidukite muude osade ja lisaseadmete tootmine
30,C,Muude transpordivahendite tootmine
301,30,Laeva- ja paadiehitus
3011,301,Tsiviillaevade ja -ujuvkonstruktsioonide ehitus
30111,3011,Tsiviillaevade ehitus
30112,3011,Tsiviilotstarbeliste ujuvkonstruktsioonide ehitus
3012,301,Lõbusõidu- ja sportpaatide ehitus
30121,3012,Lõbusõidu- ja sportpaatide ehitus
3013,301,Sõjalaevade ehitus
30131,3013,Sõjalaevade ehitus
302,30,Raudteevedurite ja -veeremi tootmine
3020,302,Raudteevedurite ja -veeremi tootmine
30201,3020,Raudteevedurite ja -veeremi tootmine
303,30,Õhu- ja kosmosesõidukite jms seadmete tootmine
3031,303,Tsiviilõhusõidukite ja -kosmosesõidukite jms seadmete tootmine
30311,3031,Tsiviilõhusõidukite ja -kosmosesõidukite jms seadmete tootmine
3032,303,Militaarõhusõidukite ja -kosmosesõidukite jms seadmete tootmine
30321,3032,Militaarõhusõidukite ja -kosmosesõidukite jms seadmete tootmine
304,30,Militaarveokite tootmine
3040,304,Militaarveokite tootmine
30401,3040,Militaarveokite tootmine
309,30,Mujal liigitamata transpordivahendite tootmine
3091,309,Mootorrataste tootmine
30911,3091,Mootorrataste tootmine
3092,309,Jalgrataste ja invasõidukite tootmine
30921,3092,Jalgrataste ja invasõidukite tootmine
3099,309,Muude mujal liigitamata transpordivahendite tootmine
30991,3099,Muude mujal liigitamata transpordivahendite tootmine
31,C,Mööblitootmine
310,31,Mööblitootmine
3100,310,Mööblitootmine
31001,3100,Mööbli (v.a madratsite) tootmine
31002,3100,Madratsitootmine
32,C,Muu tootmine
321,32,"Väärisesemete, ehete jms toodete tootmine"
3211,321,Müntide vermimine
32111,3211,Müntide vermimine
3212,321,Väärisesemete jms toodete tootmine
32121,3212,Väärisesemete jms toodete tootmine
3213,321,Juveeltoodete imitatsioonide jms toodete tootmine
32131,3213,Juveeltoodete imitatsioonide jms toodete tootmine
322,32,Muusikariistade tootmine
3220,322,Muusikariistade tootmine
32201,3220,Muusikariistade tootmine
323,32,Sporditarvete tootmine
3230,323,Sporditarvete tootmine
32301,3230,Sporditarvete tootmine
324,32,Mängude ja mänguasjade tootmine
3240,324,Mängude ja mänguasjade tootmine
32401,3240,Mängude ja mänguasjade tootmine
325,32,Meditsiini- ja hambaraviinstrumentide ning materjalide tootmine
3250,325,Meditsiini- ja hambaraviinstrumentide ning materjalide tootmine
32501,3250,Hambaraviinstrumentide ning materjalide tootmine
32502,3250,"Prillide, läätsede ja nende osade tootmine"
32509,3250,Muude meditsiiniinstrumentide ning materjalide tootmine
329,32,Mujal liigitamata tootmine
3291,329,"Harja-, pintsli- ja luuatootmine"
32911,3291,"Harja-, pintsli- ja luuatootmine"
3299,329,Muu mujal liigitamata tootmine
32991,3299,Muu mujal liigitamata tootmine
33,C,"Masinate ja seadmete remont, hooldus ja paigaldus"
331,33,Metalltoodete ning masinate ja seadmete remont ja hooldus
3311,331,Metalltoodete remont ja hooldus
33111,3311,Metalltoodete remont ja hooldus
3312,331,Masinate remont ja hooldus
33121,3312,Masinate ja seadmete remont ning hooldus
3313,331,Elektroonika- ja optikaseadmete remont ja hooldus
33131,3313,Elektroonika- ja optikaseadmete remont ja hooldus
3314,331,Muude elektriseadmete remont ja hooldus
33141,3314,Muude elektriseadmete remont ja hooldus
3315,331,Tsiviillaevade ja -paatide remont ja hooldus
33151,3315,Tsiviillaevade ja -paatide remont ja hooldus
3316,331,Tsiviilõhusõidukite ja -kosmosesõidukite remont ja hooldus
33161,3316,Tsiviilõhusõidukite ja -kosmosesõidukite remont ja hooldus
3317,331,Muude tsiviiltranspordivahendite remont ja hooldus
33171,3317,Muude tsiviiltranspordivahendite remont ja hooldus
3318,331,"Militaarveokite, -laevade, -paatide, -õhusõidukite ja -kosmosesõidukite remont ja hooldus"
33181,3318,"Militaarveokite, -laevade, -paatide, -õhusõidukite ja -kosmosesõidukite remont ja hooldus"
3319,331,Muude seadmete remont ja hooldus
33191,3319,Muude seadmete remont ja hooldus
332,33,Tööstuslike masinate ja seadmete paigaldus
3320,332,Tööstuslike masinate ja seadmete paigaldus
33201,3320,Tööstuslike masinate ja seadmete paigaldus
D,,"ELEKTRIENERGIA, GAASI, AURU JA KONDITSIONEERITUD ÕHUGA VARUSTAMINE"
35,D,"Elektrienergia, gaasi, auru ja konditsioneeritud õhuga varustamine"
351,35,"Elektrienergia tootmine, ülekanne ja jaotus"
3511,351,Elektrienergia tootmine taastumatutest energiaallikatest
35111,3511,Elektrienergia tootmine taastumatutest energiaallikatest
3512,351,Elektrienergia tootmine taastuvatest energiaallikatest
35121,3512,Elektrienergia tootmine hüdroenergiast
35122,3512,Elektrienergia tootmine tuuleenergiast
35123,3512,Elektrienergia tootmine päikeseenergiast
35129,3512,"Muu elektrienergia tootmine, k.a biomassist"
3513,351,Elektrienergia ülekanne
35131,3513,Elektrienergia ülekanne
3514,351,Elektrienergia jaotus
35141,3514,Elektrienergia jaotus
3515,351,Elektrienergia müük
35151,3515,Elektrienergia müük
3516,351,Elektrienergia salvestamine
35161,3516,Elektrienergia salvestamine
352,35,Gaasitootmine ja gaaskütuste jaotus magistraalvõrkude kaudu
3521,352,Gaasitootmine
35211,3521,Gaasi (v.a biogaasi) tootmine
35212,3521,Biogaasi tootmine
35213,3521,Vesiniku tootmine
3522,352,Gaaskütuste jaotus magistraalvõrkude kaudu
35221,3522,Gaaskütuste jaotus magistraalvõrkude kaudu
3523,352,Gaasimüük magistraalvõrkude kaudu
35231,3523,Gaasimüük magistraalvõrkude kaudu
3524,352,Gaasi hoiustamine võrgutarneteenuse osana
35241,3524,Gaasi hoiustamine võrgutarneteenuse osana
353,35,Auru ja konditsioneeritud õhuga varustamine
3530,353,Auru ja konditsioneeritud õhuga varustamine
35301,3530,Auru ja konditsioneeritud õhuga varustamine
354,35,Elektrienergia ja maagaasi maaklerite ja vahendajate tegevus
3540,354,Elektrienergia ja maagaasi maaklerite ja vahendajate tegevus
35401,3540,Elektrienergia ja maagaasi maaklerite ja vahendajate tegevus
E,,"VEEVARUSTUS; KANALISATSIOON, JÄÄTME- JA SAASTEKÄITLUS"
36,E,"Veekogumine, -töötlus ja -varustus"
360,36,"Veekogumine, -töötlus ja -varustus"
3600,360,"Veekogumine, -töötlus ja -varustus"
36001,3600,"Veekogumine, -töötlus ja -varustus"
36002,3600,Olmeveega varustamine
37,E,Kanalisatsioon
370,37,Kanalisatsioon
3700,370,Kanalisatsioon
37001,3700,Kanalisatsioon ja heitveekäitlus
38,E,"Jäätmete kogumine, taaskasutamine ja kõrvaldamine"
381,38,Jäätmekogumine
3811,381,Tavajäätmete kogumine
38111,3811,Tavajäätmete kogumine
3812,381,Ohtlike jäätmete kogumine
38121,3812,Ohtlike jäätmete kogumine
382,38,Jäätmete taaskasutamine
3821,382,Materjalide taaskasutusele võtmine
38211,3821,Materjalide taaskasutusele võtmine
3822,382,Jäätmete kasutamine energia tootmiseks
38221,3822,Jäätmete kasutamine energia tootmiseks
3823,382,Muu jäätmete taaskasutamine
38231,3823,Muu jäätmete taaskasutamine
383,38,Jäätmete kõrvaldamine ilma taaskasutamiseta
3831,383,Põletamine energia tootmiseta
38311,3831,Põletamine energia tootmiseta
3832,383,Prügilasse ladestamine või püsiv ladustamine
38321,3832,Prügilasse ladestamine või püsiv ladustamine
3833,383,Muu jäätmete kõrvaldamine
38331,3833,Muu jäätmete kõrvaldamine
39,E,Saastekäitlus ja muud jäätmekäitlustegevused
390,39,Saastekäitlus ja muud jäätmekäitlustegevused
3900,390,Saastekäitlus ja muud jäätmekäitlustegevused
39001,3900,Saastekäitlus ja muud jäätmekäitlustegevused
F,,EHITUS
41,F,Elamute ja mitteeluhoonete ehitus
410,41,Elamute ja mitteeluhoonete ehitus
4100,410,Elamute ja mitteeluhoonete ehitus
41001,4100,Elamute ja mitteeluhoonete ehitus
42,F,Rajatiste ehitus
421,42,Teede ja rööbasteede ehitus
4211,421,Maanteede ja kiirteede ehitus
42111,4211,Maanteede ja kiirteede ehitus
4212,421,Raudteede ja metroo ehitus
42121,4212,Raudteede ja metroo ehitus
4213,421,Silla- ja tunneliehitus
42131,4213,Silla- ja tunneliehitus
422,42,Tehnovõrgutrasside ehitus
4221,422,"Vee-, gaasi- ja kanalisatsioonitrasside ehitus"
42211,4221,"Vee-, gaasi- ja kanalisatsioonitrasside ehitus"
42212,4221,Kaevude ja puuraukude rajamine ning likvideerimine
4222,422,Elektri- ja sidevõrkude ehitus
42221,4222,Elektri- ja sidevõrkude ehitus
429,42,Muude rajatiste ehitus
4291,429,Vesiehitus
42911,4291,Vesiehitus
4299,429,Mujal liigitamata rajatiste ehitus
42991,4299,Mujal liigitamata rajatiste ehitus
43,F,Eriehitustööd
431,43,Lammutamine ja ehitusplatside ettevalmistus
4311,431,Lammutamine
43111,4311,Lammutamine
4312,431,Ehitusplatside ettevalmistus
43121,4312,Ehitusplatside ettevalmistus ja puhastus
43122,4312,Maakuivendus- ja maaparandustööd
43129,4312,Muud kaeve- ja mullatööd
4313,431,Kontrollpuurimine ja sondimine
43131,4313,Kontrollpuurimine ja sondimine
432,43,Elektriinstallatsioon ja torustiku paigaldus jm ehituspaigaldustööd
4321,432,Elektriinstallatsioon
43211,4321,Elektripaigaldustööd
43212,4321,Signalisatsioonisüsteemide paigaldamine
43213,4321,Sidekaablite ja antennide paigaldamine
4322,432,"Torustiku, kütte- ja kliimaseadmete paigaldus"
43221,4322,"Kütte-, ventilatsiooni- ja kliimaseadmete paigaldus, remont ja hooldus"
43222,4322,"Veetorustiku ja sanitaarseadmete paigaldus, remont ja hooldus"
43223,4322,"Pliitide, ahjude ja kaminate ladumine või paigaldamine"
4323,432,Isolatsioonitööd
43231,4323,Isolatsioonitööd
4324,432,Muud ehituspaigaldustööd
43241,4324,Muud ehituspaigaldustööd
433,43,Ehitiste viimistlus ja lõpetamine
4331,433,Krohvimine
43311,4331,Krohvimine
4332,433,Ehituspuusepatoodete paigaldus
43321,4332,"Puidust jm materjalist uste, akende ja treppide paigaldus"
43329,4332,Muude ehituspuusepatoodete paigaldus
4333,433,Põranda- ja seinakatete paigaldus
43331,4333,Põranda- ja seinakatete paigaldus
4334,433,Värvimine ja klaasimine
43341,4334,Värvimine ja klaasimine
4335,433,Muu ehitiste viimistlus ja lõpetamine
43351,4335,Muu ehitiste viimistlus ja lõpetamine
434,43,Eriehitustööd hoonete ehitusel
4341,434,Katusetööd
43411,4341,Katusetööd
4342,434,Muud eriehitustööd hoonete ehitusel
43421,4342,Muud eriehitustööd hoonete ehitusel
435,43,Eriehitustööd rajatiste ehitusel
4350,435,Eriehitustööd rajatiste ehitusel
43501,4350,Eriehitustööd rajatiste ehitusel
436,43,Eriehitustööde vahendusteenus
4360,436,Eriehitustööde vahendusteenus
43601,4360,Eriehitustööde vahendusteenus
439,43,Muud eriehitustööd
4391,439,Müüritööd
43911,4391,Müüritööd
4399,439,Muud mujal liigitamata eriehitustööd
43991,4399,"Tellingute püstitamine ja demonteerimine, ehitus- ja tõsteseadmete rentimine koos operaatoriga"
43999,4399,Muud eriehitustööd
G,,HULGI- JA JAEKAUBANDUS
46,G,Hulgikaubandus
461,46,Hulgimüük vahendustasu või lepingute alusel
4611,461,"Põllumajandustoorme, elusloomade, tekstiilitoorme ja pooltoodete hulgimüügi vahendusteenus"
46111,4611,"Põllumajandustoorme, elusloomade, tekstiilitoorme ja pooltoodete hulgimüügi vahendusteenus"
4612,461,"Kütuste, maakide, metallide ja tööstuskemikaalide hulgimüügi vahendusteenus"
46121,4612,"Kütuste, maakide, metallide ja tööstuskemikaalide hulgimüügi vahendusteenus"
4613,461,Puidu ja ehitusmaterjalide hulgimüügi vahendusteenus
46131,4613,Puidu ja ehitusmaterjalide hulgimüügi vahendusteenus
4614,461,"Masinate, tööstusseadmete, laevade ja õhusõidukite hulgimüügi vahendusteenus"
46141,4614,"Masinate, tööstusseadmete, laevade ja õhusõidukite hulgimüügi vahendusteenus"
4615,461,"Mööbli, kodutarvete ja rauakaupade hulgimüügi vahendusteenus"
46151,4615,"Mööbli, kodutarvete ja rauakaupade hulgimüügi vahendusteenus"
4616,461,"Tekstiili, rõivaste, jalatsite ja nahktoodete hulgimüügi vahendusteenus"
46161,4616,"Tekstiili, rõivaste, jalatsite ja nahktoodete hulgimüügi vahendusteenus"
4617,461,"Toidukaupade, jookide ja tubakatoodete hulgimüügi vahendusteenus"
46171,4617,"Toidukaupade, jookide ja tubakatoodete hulgimüügi vahendusteenus"
4618,461,Muude kindlate kaupade hulgimüügi vahendusteenus
46181,4618,Muude kindlate kaupade hulgimüügi vahendusteenus
4619,461,Spetsialiseerimata hulgimüügi vahendusteenus
46191,4619,Spetsialiseerimata hulgimüügi vahendusteenus
462,46,Põllumajandustoorme ja elusloomade hulgimüük
4621,462,"Teravilja, töötlemata tubaka, seemnete ja loomasööda hulgimüük"
46211,4621,"Teravilja, töötlemata tubaka, seemnete ja loomasööda hulgimüük"
4622,462,Lillede ja taimede hulgimüük
46221,4622,Lillede ja taimede hulgimüük
4623,462,Elusloomade hulgimüük
46231,4623,Elusloomade hulgimüük
4624,462,Toor- ja parknaha hulgimüük
46241,4624,Toor- ja parknaha hulgimüük
463,46,"Toidukaupade, jookide ja tubakatoodete hulgimüük"
4631,463,Puu- ja köögivilja hulgimüük
46311,4631,Puu- ja köögivilja hulgimüük
4632,463,"Liha, lihatoodete, kala ja kalatoodete hulgimüük"
46321,4632,Liha ja lihatoodete hulgimüük
46322,4632,Kala ja kalatoodete hulgimüük
4633,463,"Piimatoodete, munade, toiduõli ja -rasva hulgimüük"
46331,4633,"Piimatoodete, munade, toiduõli ja -rasva hulgimüük"
4634,463,Jookide hulgimüük
46341,4634,Alkohoolsete jookide hulgimüük
46349,4634,Muude jookide hulgimüük
4635,463,Tubakatoodete hulgimüük
46351,4635,Tubakatoodete hulgimüük
4636,463,"Suhkru, šokolaadi ja suhkrukondiitritoodete hulgimüük"
46361,4636,"Suhkru, šokolaadi ja suhkrukondiitritoodete hulgimüük"
46362,4636,Kondiitri- ja pagaritoodete hulgimüük
4637,463,"Kohvi, tee, kakao ja maitseainete hulgimüük"
46371,4637,"Kohvi, tee, kakao ja maitseainete hulgimüük"
4638,463,Muude toidukaupade hulgimüük
46381,4638,Muude toidukaupade hulgimüük
4639,463,"Toidukaupade, jookide ja tubakatoodete spetsialiseerimata hulgimüük"
46391,4639,"Toidukaupade, jookide ja tubakatoodete spetsialiseerimata hulgimüük"
464,46,Kodutarvete hulgimüük
4641,464,Tekstiiltoodete hulgimüük
46411,4641,"Kangaste, kodutekstiili ja õmblustarvete hulgimüük"
4642,464,Rõivaste ja jalatsite hulgimüük
46421,4642,Rõivaste ja rõivalisandite hulgimüük
46422,4642,Jalatsite hulgimüük
4643,464,Elektriliste kodumasinate hulgimüük
46431,4643,Elektriliste kodumasinate hulgimüük
4644,464,Portselani ja klaastoodete ning puhastusvahendite hulgimüük
46441,4644,Portselani ja klaastoodete hulgimüük
46442,4644,Puhastusvahendite hulgimüük
4645,464,Parfüümide ja kosmeetika hulgimüük
46451,4645,Parfüümide ja kosmeetika hulgimüük
4646,464,Ravimite ja meditsiinikaupade hulgimüük
46461,4646,Ravimite ja muude apteegikaupade hulgimüük
46462,4646,Meditsiiniseadmete ja kirurgiriistade ning ortopeediliste abivahendite hulgimüük
4647,464,"Mööbli, vaipade ja valgustite hulgimüük"
46471,4647,"Kodu-, kontori- ja kauplusemööbli, vaipade ja valgustite hulgimüük"
4648,464,Kellade ja ehete hulgimüük
46481,4648,Kellade ja ehete hulgimüük
4649,464,Muude kodutarvete hulgimüük
46491,4649,"Paberi, kirjatarvete, raamatute ja ajakirjandusväljaannete hulgimüük"
46492,4649,Spordikaupade hulgimüük (v.a spordirõivad ja vabaajajalatsid)
46493,4649,Mängude ja mänguasjade hulgimüük
46499,4649,Mujal liigitamata kodutarvete hulgimüük
465,46,Info- ja sidetehnika hulgimüük
4650,465,Info- ja sidetehnika hulgimüük
46501,4650,"Arvutite, arvuti välisseadmete ja tarkvara hulgimüük"
46502,4650,Kontorimasinate ja -seadmete hulgimüük
46503,4650,Elektroonika- ja sideseadmete ning nende osade hulgimüük
466,46,"Muude masinate, seadmete ja lisaseadmete hulgimüük"
4661,466,"Põllumajandusmasinate, -seadmete ja lisaseadmete hulgimüük"
46611,4661,"Põllumajandusmasinate, -seadmete ja lisaseadmete hulgimüük"
4662,466,Tööpinkide hulgimüük
46621,4662,Tööpinkide hulgimüük
4663,466,Kaevandus- ja ehitusmasinate hulgimüük
46631,4663,Kaevandus- ja ehitusmasinate hulgimüük
4664,466,Muude masinate ja seadmete hulgimüük
46641,4664,"Tekstiilitööstus-, õmblus- ja kudumismasinate hulgimüük"
46642,4664,"Tõste- ja teisaldusseadmete ja -masinate ning nende varuosade, k.a konteinerite hulgimüük"
46643,4664,"Elektrimaterjalide, -tarvikute ja -seadmete, k.a kaablite hulgimüük"
46644,4664,Toiduainetööstus- ja kaubandusseadmete hulgimüük
46649,4664,Muude masinate ja seadmete hulgimüük
467,46,"Mootorsõidukite, mootorrataste ning nende osade ja lisaseadmete hulgimüük"
4671,467,Mootorsõidukite hulgimüük
46711,4671,Mootorsõidukite hulgimüük
4672,467,Mootorsõidukite osade ja lisaseadmete hulgimüük
46721,4672,Mootorsõidukite osade ja lisaseadmete hulgimüük
4673,467,"Mootorrataste, nende osade ja lisaseadmete hulgimüük"
46731,4673,"Mootorrataste, nende osade ja lisaseadmete hulgimüük"
468,46,Muu spetsialiseeritud hulgimüük
4681,468,"Tahke-, vedel- ja gaaskütuse jms toodete hulgimüük"
46811,4681,Tahkekütuse hulgimüük
46812,4681,Mootorikütuse hulgimüük
46819,4681,Muu vedel- ja gaaskütuse jms hulgimüük
4682,468,Metallide ja metallimaakide hulgimüük
46821,4682,Metallide ja metallimaakide hulgimüük
4683,468,"Puidu, ehitusmaterjalide ja sanitaarseadmete hulgimüük"
46831,4683,Puidu ja puidu esmatöötlustoodete hulgimüük
46832,4683,Sanitaarseadmete ja mujal liigitamata ehitusmaterjalide hulgimüük
4684,468,"Rauakaupade, veevarustus- ja kütteseadmete ning nende koosteosade hulgimüük"
46841,4684,Veevarustus- ja kütteseadmete ning nende koosteosade hulgimüük
46842,4684,Käsi-tööriistade ja rauakaupade hulgimüük
4685,468,Keemiatoodete hulgimüük
46851,4685,Väetise ja agrokeemiatoodete hulgimüük
46859,4685,Muude keemiatoodete hulgimüük
4686,468,Muude vahetoodete hulgimüük
46861,4686,Muude vahetoodete hulgimüük
4687,468,Jäätmete ja jääkide hulgikaubandus
46871,4687,"Jäätmete ja jääkide hulgikaubandus, taara ja pakendite kokkuost"
4689,468,Muu mujal liigitamata spetsialiseeritud hulgimüük
46891,4689,Muu mujal liigitamata spetsialiseeritud hulgimüük
469,46,Spetsialiseerimata hulgikaubandus
4690,469,Spetsialiseerimata hulgikaubandus
46901,4690,Spetsialiseerimata hulgikaubandus
47,G,Jaekaubandus
471,47,Spetsialiseerimata jaekaubandus
4711,471,"Peamiselt toidu, jookide või tubakatoodete spetsialiseerimata jaemüük"
47111,4711,"Peamiselt toidu, jookide või tubakatoodete spetsialiseerimata jaemüük"
4712,471,Muu spetsialiseerimata jaemüük
47121,4712,Muu spetsialiseerimata jaemüük
472,47,"Toidukaupade, jookide ja tubakatoodete jaemüük"
4721,472,Puu- ja köögivilja jaemüük
47211,4721,Puu- ja köögivilja jaemüük
4722,472,Liha ja lihatoodete jaemüük
47221,4722,Liha ja lihatoodete jaemüük
4723,472,"Kala, koorikloomade ja molluskite jaemüük"
47231,4723,"Kala, koorikloomade ja molluskite jaemüük"
4724,472,"Leivatoodete, kookide ja kondiitritoodete jaemüük"
47241,4724,"Leiva- ja saiatoodete, kookide ja kondiitritoodete jaemüük"
4725,472,Jookide jaemüük
47251,4725,Jookide jaemüük
4726,472,Tubakatoodete jaemüük
47261,4726,Tubakatoodete jaemüük
4727,472,Muude toidukaupade jaemüük
47271,4727,Muude toidukaupade jaemüük
473,47,Mootorikütuse jaemüük
4730,473,Mootorikütuse jaemüük
47301,4730,Mootorikütuse jaemüük
474,47,Info- ja sidetehnika jaemüük
4740,474,Info- ja sidetehnika jaemüük
47401,4740,"Arvutite, arvuti välisseadmete ja tarkvara jaemüük"
47402,4740,Sideseadmete jaemüük
47403,4740,Heli- ja videoseadmete jaemüük
475,47,Muude kodutarvete jaemüük
4751,475,Tekstiilitoodete jaemüük
47511,4751,Tekstiilitoodete jaemüük
4752,475,"Rauakaupade, ehitusmaterjalide, värvide ja klaasi jaemüük"
47521,4752,Käsi-tööriistade ja rauakaupade jaemüük
47522,4752,Veevarustus- ja sanitaarseadmete ning nende koosteosade jaemüük
47529,4752,Muude ehitusmaterjalide ja -tarvete jaemüük
4753,475,"Vaipade, mattide, seina- ja põrandakatete jaemüük"
47531,4753,"Vaipade, mattide, seina- ja põrandakatete jaemüük"
4754,475,Elektriliste kodumasinate jaemüük
47541,4754,Elektriliste kodumasinate jaemüük
4755,475,"Mööbli, valgustite, lauanõude ja muude kodutarvete jaemüük"
47551,4755,Mööbli ja valgustite jaemüük
47559,4755,Muude mujal liigitamata kodutarvete jaemüük
476,47,Kultuuri- ja vaba aja kaupade jaemüük
4761,476,Raamatute jaemüük
47611,4761,Raamatute jaemüük
4762,476,Ajalehtede ja muu perioodika ning kirjatarvete jaemüük
47621,4762,Ajalehtede ja muu perioodika ning kirjatarvete jaemüük
4763,476,Sporditarvete jaemüük
47631,4763,Sporditarvete jaemüük
4764,476,Mängude ja mänguasjade jaemüük
47641,4764,Mängude ja mänguasjade jaemüük
4769,476,Mujal liigitamata kultuuri- ja vaba aja kaupade jaemüük
47691,4769,Mujal liigitamata kultuuri- ja vaba aja kaupade jaemüük
477,47,"Muude kaupade, v.a mootorsõidukite ja mootorrataste, jaemüük"
4771,477,Rõivaste jaemüük
47711,4771,Rõivaste jaemüük
4772,477,Jalatsite ja nahktoodete jaemüük
47721,4772,Jalatsite ja nahktoodete jaemüük
4773,477,Ravimite jaemüük
47731,4773,Ravimite jaemüük
4774,477,Meditsiini- ja ortopeediakaupade jaemüük
47741,4774,Meditsiini- ja ortopeediakaupade jaemüük
47742,4774,Prillide jaemüük
4775,477,Kosmeetika ja tualetitarvete jaemüük
47751,4775,Kosmeetika ja tualetitarvete jaemüük
4776,477,"Lillede, taimede, väetiste, lemmikloomade ja lemmikloomatoidu jaemüük"
47761,4776,"Lillede, taimede, seemnete ja istikute ning väetise jaemüük"
47762,4776,Lemmikloomade ja -lindude ning nende toidu ja tarvete jaemüük
4777,477,Kellade ja ehete jaemüük
47771,4777,Kellade ja ehete jaemüük
4778,477,Muude uute kaupade jaemüük
47781,4778,Optiliste seadmete jaemüük
47782,4778,Foto- ja täppisseadmete jaemüük
47783,4778,"Suveniiride, käsitöö- ja religioossete esemete jaemüük"
47789,4778,Mujal liigitamata kaupade jaemüük
4779,477,Kasutatud kaupade jaemüük
47791,4779,Antiikesemete jaemüük
47792,4779,Kasutatud raamatute jaemüük
47799,4779,Muude kasutatud kaupade jaemüük
478,47,"Mootorsõidukite, mootorrataste ning nende osade ja lisaseadmete jaemüük"
4781,478,Mootorsõidukite jaemüük
47811,4781,Mootorsõidukite jaemüük
4782,478,Mootorsõidukite osade ja lisaseadmete jaemüük
47821,4782,Mootorsõidukite osade ja lisaseadmete jaemüük
4783,478,"Mootorrataste, nende osade ja lisaseadmete jaemüük"
47831,4783,"Mootorrataste, nende osade ja lisaseadmete jaemüük"
479,47,Jaemüügiga seotud vahendusteenus
4791,479,Spetsialiseerimata jaemüügi vahendusteenus
47911,4791,Spetsialiseerimata jaemüügi vahendusteenus
4792,479,Spetsialiseeritud jaemüügi vahendusteenus
47921,4792,Spetsialiseeritud jaemüügi vahendusteenus
H,,VEONDUS JA LAONDUS
49,H,Maismaaveondus ja torutransport
491,49,Sõitjatevedu rööbasteedel
4911,491,Sõitjatevedu raudteel
49111,4911,Sõitjatevedu raudteel
4912,491,Sõitjatevedu kergrööbasteedel
49121,4912,Sõitjatevedu kergrööbasteedel
492,49,Kauba raudteevedu
4920,492,Kauba raudteevedu
49201,4920,Kauba raudteevedu
493,49,Sõitjate muu maismaavedu
4931,493,Sõitjate liinivedu maanteel
49311,4931,Sõitjate vedu linna- ja linnalähiliinidel
49312,4931,Sõitjate kaugliinivedu ja rahvusvaheline liinivedu
49319,4931,Sõitjate muu kohalik liinivedu (maakonna- ja vallasisesed liinid)
4932,493,Sõitjate juhuvedu maanteel
49321,4932,Sõitjate juhuvedu maanteel
4933,493,Sõitjate tellimusvedu koos juhiga
49331,4933,Sõitjate tellimusvedu koos juhiga
4934,493,Sõitjatevedu köisteedel ja suusatõstukitega
49341,4934,Sõitjatevedu köisteedel ja suusatõstukitega
4939,493,Sõitjate muu mujal liigitamata maismaavedu
49391,4939,Sõitjate muu mujal liigitamata maismaavedu
494,49,Kaubavedu maanteel ja kolimisteenused
4941,494,Kaubavedu maanteel
49411,4941,Kaubavedu maanteel
4942,494,Kolimisteenused
49421,4942,Kolimisteenused
495,49,Torutransport
4950,495,Torutransport
49501,4950,Torutransport
50,H,Veetransport
501,50,Sõitjatevedu merel ja rannavetes
5010,501,Sõitjatevedu merel ja rannavetes
50101,5010,Sõitjate liinivedu merel ja rannavetes
50102,5010,Sõitjate tellimusvedu merel ja rannavetes
502,50,Kaubavedu merel ja rannavetes
5020,502,Kaubavedu merel ja rannavetes
50201,5020,Kaubavedu merel ja rannavetes
503,50,Sõitjatevedu sisevetel
5030,503,Sõitjatevedu sisevetel
50301,5030,Sõitjatevedu sisevetel
504,50,Kaubavedu sisevetel
5040,504,Kaubavedu sisevetel
50401,5040,Kaubavedu sisevetel
51,H,Õhutransport
511,51,Sõitjate õhutransport
5110,511,Sõitjate õhutransport
51101,5110,Sõitjate õhutransport
512,51,Kauba õhutransport ja kosmosetransport
5121,512,Kauba õhutransport
51211,5121,Kauba õhutransport
5122,512,Kosmosetransport
51221,5122,Kosmosetransport
52,H,Laondus ja veondust abistavad tegevusalad
521,52,Laondus
5210,521,Laondus
52101,5210,Kaubaladude töö
52102,5210,Vedelike ja gaaside ladustamine
522,52,Veondust abistavad tegevusalad
5221,522,Maismaaveondust teenindavad tegevusalad
52211,5221,Parklate tegevus
52219,5221,Muud maismaaveondust teenindavad tegevusalad
5222,522,Veetransporti teenindavad tegevusalad
52221,5222,Sadamate töö ja veeteede kasutamisega seotud tegevusalad
52222,5222,Punkerdamine
52229,5222,Muud veetransporti teenindavad tegevusalad
5223,522,Õhutransporti teenindavad tegevusalad
52231,5223,Lennuväljade ja lennujaama reisiterminalide töö
52239,5223,Muud õhutransporti teenindavad tegevusalad
5224,522,Laadungikäitlus
52241,5224,Laadungikäitlus
5225,522,Logistikaalane tegevus
52251,5225,Logistikaalane tegevus
5226,522,Muud veondust abistavad tegevusalad
52261,5226,Saadetiste organiseerimine ja ekspedeerimine
52262,5226,Tollimaaklerite tegevus
52269,5226,Muud mujal liigitamata veondust abistavad tegevusalad
523,52,Veondusega seotud vahendusteenus
5231,523,Kaubaveoga seotud vahendusteenus
52311,5231,Kaubaveoga seotud vahendusteenus
5232,523,Sõitjateveoga seotud vahendusteenus
52321,5232,Sõitjateveoga seotud vahendusteenus
53,H,Posti- ja kullerteenused
531,53,Universaalne postiteenus
5310,531,Universaalne postiteenus
53101,5310,Universaalne postiteenus
532,53,Muud posti- ja kullerteenused
5320,532,Muud posti- ja kullerteenused
53201,5320,Muud posti- ja kullerteenused
533,53,Posti- ja kullerteenuste vahendusteenus
5330,533,Posti- ja kullerteenuste vahendusteenus
53301,5330,Posti- ja kullerteenuste vahendusteenus
I,,MAJUTUS JA TOITLUSTUS
55,I,Majutus
551,55,Hotellid ja muu sarnane majutus
5510,551,Hotellid ja muu sarnane majutus
55101,5510,Hotellid
55102,5510,Motellid ja muu sarnane majutus
55103,5510,Külalistemajad
552,55,Puhkuse- ja muu lühiajaline majutus
5520,552,Puhkuse- ja muu lühiajaline majutus
55201,5520,Hostelid
55202,5520,Puhkemajad
55203,5520,Puhkekülad ja puhkelaagrid
55204,5520,Külaliskorterid
55205,5520,Kodumajutused
553,55,Laagriplatsid ning vagunelamute ja haagissuvilate parkimisplatsid
5530,553,Laagriplatsid ning vagunelamute ja haagissuvilate parkimisplatsid
55301,5530,Laagriplatsid ning vagunelamute ja haagissuvilate parkimisplatsid
554,55,Majutusega seotud vahendusteenus
5540,554,Majutusega seotud vahendusteenus
55401,5540,Majutusega seotud vahendusteenus
559,55,Muu majutus
5590,559,Muu majutus
55901,5590,Muu majutus
56,I,Toidu ja joogi serveerimine
561,56,Restoranid ja liikuvad toitlustuskohad
5611,561,Restoranitegevus
56111,5611,Restoranide ja kohvikute tegevus
56112,5611,Kiirsöögikohtade jm toitlustuskohtade tegevus
5612,561,Liikuvad toitlustuskohad
56121,5612,Liikuvad toitlustuskohad
562,56,"Toitlustamine üritustel, lepinguline toitlustusteenus jm toitlustamine"
5621,562,Toitlustamine üritustel
56211,5621,Toitlustamine üritustel
5622,562,Lepinguline toitlustusteenus jm toitlustamine
56221,5622,Lepinguline toitlustusteenus jm toitlustamine
563,56,Jookide serveerimine
5630,563,Jookide serveerimine
56301,5630,Jookide serveerimine
564,56,Toidu ja joogi serveerimise vahendusteenus
5640,564,Toidu ja joogi serveerimise vahendusteenus
56401,5640,Toidu ja joogi serveerimise vahendusteenus
J,,"KIRJASTAMINE, RINGHÄÄLING NING SISU TOOTMINE JA LEVITAMINE"
58,J,Kirjastamine
581,58,"Raamatute, ajalehtede jm kirjastamine, v.a tarkvara kirjastamine"
5811,581,Raamatute kirjastamine
58111,5811,"Raamatute, brošüüride jms väljaannete kirjastamine"
58112,5811,"Õpikute, sõnaraamatute jm teatmeteoste kirjastamine"
5812,581,Ajalehtede kirjastamine
58121,5812,Ajalehtede kirjastamine
5813,581,Ajakirjade jm perioodika kirjastamine
58131,5813,Ajakirjade jm perioodika kirjastamine
5819,581,"Muu kirjastamine, v.a tarkvara kirjastamine"
58191,5819,"Muu kirjastamine, v.a tarkvara kirjastamine"
582,58,Tarkvara kirjastamine
5821,582,Videomängude kirjastamine
58211,5821,Videomängude kirjastamine
5829,582,Muu tarkvara kirjastamine
58291,5829,Muu tarkvara kirjastamine
59,J,"Kinofilmide, videote ja telesaadete tootmine; helisalvestiste ja muusika kirjastamine"
591,59,"Kinofilmide, videote ja telesaadetega seotud tegevusalad"
5911,591,"Kinofilmide, videote ja telesaadete tootmine"
59111,5911,Kinofilmide ja videote tootmine
59112,5911,Telesaadete tootmine
5912,591,"Kinofilmide, videote ja telesaadete tootmisjärgsed tegevusalad"
59121,5912,"Kinofilmide, videote ja telesaadete tootmisjärgsed tegevusalad"
5913,591,Kinofilmide ja videote levitamine
59131,5913,Kinofilmide ja videote levitamine
5914,591,Kinofilmide linastamine
59141,5914,Kinofilmide linastamine
592,59,Helisalvestiste tootmine ja muusika kirjastamine
5920,592,Helisalvestiste tootmine ja muusika kirjastamine
59201,5920,"Helisalvestusteenus, k.a muusika salvestamine"
59202,5920,"Muusika tootmine, turustamine ning muusika kirjastamine"
59209,5920,Muude helisalvestiste (v.a muusika) tootmine ja turustamine
60,J,"Meediateenused, ringhääling, uudisteagentuuride tegevus ja muu sisu levitamine"
601,60,Raadioringhääling ja audiosisu levitamine
6010,601,Raadioringhääling ja audiosisu levitamine
60101,6010,Raadioringhääling ja audiosisu levitamine
602,60,Televisiooniteenused ja videote levitamine
6020,602,Televisiooniteenused ja videote levitamine
60201,6020,Televisiooniteenused ja videote levitamine
603,60,Uudisteagentuuride tegevus ja muu sisu levitamine
6031,603,Uudisteagentuuride tegevus
60311,6031,Uudisteagentuuride tegevus
6039,603,Muu sisu levitamine
60391,6039,Muu sisu levitamine
K,,"ELEKTROONILISE SIDE TEENUS, PROGRAMMEERIMINE, KONSULTATSIOONID, ANDMETÖÖTLUSTARISTU JA MUU INFOALANE TEGEVUS"
61,K,Elektroonilise side teenus
611,61,Elektroonilise side teenused fikseeritud või traadita sidevõrgus ja satelliitsideteenused
6110,611,Elektroonilise side teenused fikseeritud või traadita sidevõrgus ja satelliitsideteenused
61101,6110,Elektroonilise side teenused fikseeritud või traadita sidevõrgus ja satelliitsideteenused
612,61,Elektroonilise side edasimüük ja vahendusteenused
6120,612,Elektroonilise side edasimüük ja vahendusteenused
61201,6120,Elektroonilise side edasimüük ja vahendusteenused
619,61,Muud elektroonilise side teenused
6190,619,Muud elektroonilise side teenused
61901,6190,Muud elektroonilise side teenused
62,K,"Programmeerimine, konsultatsioonid jms tegevused"
621,62,Programmeerimine
6210,621,Programmeerimine
62101,6210,Programmeerimine
622,62,Arvutialased konsultatsioonid ning arvutisüsteemide ja andmebaaside haldus
6220,622,Arvutialased konsultatsioonid ning arvutisüsteemide ja andmebaaside haldus
62201,6220,Arvutialased konsultatsioonid
62202,6220,Arvutisüsteemide ja andmebaaside haldus
629,62,Muud infotehnoloogia- ja arvutialased tegevused
6290,629,Muud infotehnoloogia- ja arvutialased tegevused
62901,6290,Muud infotehnoloogia- ja arvutialased tegevused
63,K,"Andmetöötlustaristu, andmetöötlus, -majutus ja muu infoalane tegevus"
631,63,"Andmetöötlustaristu, andmetöötlus, -majutus jms tegevus"
6310,631,"Andmetöötlustaristu, andmetöötlus, -majutus jms tegevus"
63101,6310,"Andmetöötlustaristu, andmemajutus jms tegevus"
63102,6310,"Andmetöötlus, andmekorraldus, andmevahendus jms tegevus"
639,63,Veebiotsinguportaalide ja muu infoalane tegevus
6391,639,Veebiotsinguportaalide tegevus
63911,6391,Veebiotsinguportaalide tegevus
6392,639,Muu infoalane tegevus
63921,6392,Muu infoalane tegevus
L,,FINANTS- JA KINDLUSTUSTEGEVUS
64,L,"Finantsteenuste osutamine, v.a kindlustus ja pensionifondid"
641,64,Rahaloomega seotud finantsvahendus
6411,641,Keskpanga tegevus
64111,6411,Keskpanga tegevus
6419,641,Muu rahaloomega seotud finantsvahendus
64191,6419,Krediidiasutused
642,64,Valdusfirmade ja kontsernide finantsüksuste tegevus
6421,642,Valdusfirmade tegevus
64211,6421,Valdusfirmade tegevus
6422,642,Kontsernide finantsüksuste tegevus
64221,6422,Kontsernide finantsüksuste tegevus
643,64,"Usaldusühingute, fondide ning muude sarnaste finantsüksuste tegevus"
6431,643,Rahaturufondide ja muude investeerimisfondide tegevus
64311,6431,Rahaturufondide ja muude investeerimisfondide tegevus
6432,643,"Usaldusühingute, päranditompude ja vahenduskontodega seotud tegevus"
64321,6432,"Usaldusühingute, päranditompude ja vahenduskontodega seotud tegevus"
649,64,"Muude finantsteenuste osutamine, v.a kindlustus ja pensionifondid"
6491,649,Kapitalirent
64911,6491,Kapitalirent
6492,649,Muu laenuandmine
64921,6492,Pandimajad
64929,6492,"Muu laenuandmine, v.a pandimajad"
6499,649,"Muud mujal liigitamata finantsteenused, v.a kindlustus ja pensionifondid"
64991,6499,"Muud mujal liigitamata finantsteenused, v.a kindlustus ja pensionifondid"
65,L,"Kindlustus, edasikindlustus ja pensionifondid, v.a kohustuslik sotsiaalkindlustus"
651,65,Kindlustus
6511,651,Elukindlustus
65111,6511,Elukindlustus
6512,651,Kahjukindlustus
65121,6512,Kahjukindlustus
652,65,Edasikindlustus
6520,652,Edasikindlustus
65201,6520,Edasikindlustus
653,65,Pensionifondid
6530,653,Pensionifondid
65301,6530,Pensionifondid
66,L,Finantsteenuste ja kindlustustegevuse abitegevusalad
661,66,"Finantsteenuste abitegevusalad, v.a kindlustus ja pensionifondid"
6611,661,Finantsturgude haldamine
66111,6611,Finantsturgude haldamine
6612,661,Väärtpaberi- ja kaubalepingute maaklerlus
66121,6612,Väärtpaberite ja kaubalepingute maaklerlus
66122,6612,Valuutavahetus
6619,661,"Muud finantsteenuste abitegevusalad, v.a kindlustus ja pensionifondid"
66191,6619,Finantsnõustamine
66199,6619,"Muud mujal liigitamata finantsteenuste abitegevusalad, v.a kindlustus ja pensionifondid"
662,66,Kindlustuse ja pensionifondide abitegevusalad
6621,662,Riskide ja kahju hindamine
66211,6621,Riskide ja kahju hindamine
6622,662,Kindlustusagentide ja -vahendajate tegevus
66221,6622,Kindlustusagentide tegevus
66222,6622,Kindlustusmaaklerite tegevus
6629,662,Mujal liigitamata kindlustuse ja pensionifondide abitegevusalad
66291,6629,Mujal liigitamata kindlustuse ja pensionifondide abitegevusalad
663,66,Fondide valitsemine
6630,663,Fondide valitsemine
66301,6630,Fondide valitsemine
M,,KINNISVARAALANE TEGEVUS
68,M,Kinnisvaraalane tegevus
681,68,Kinnisvaraalane tegevus ja kinnisvaraprojektide arendamine
6811,681,Enda kinnisvara ost ja müük
68111,6811,Enda kinnisvara ost ja müük
6812,681,Hoonestusprojektide arendus
68121,6812,Hoonestusprojektide arendus
682,68,Enda või renditud kinnisvara üürileandmine ja käitus
6820,682,Enda või renditud kinnisvara üürileandmine ja käitus
68201,6820,Enda või renditud kinnisvara üürileandmine ja käitus
683,68,Kinnisvaraalane tegevus tasu eest või lepingu alusel
6831,683,Kinnisvarateenuste vahendusteenus
68311,6831,Kinnisvarateenuste vahendusteenus
6832,683,Muu kinnisvaraalane tegevus tasu eest või lepingu alusel
68321,6832,"Hoonete ja üürimajade haldus (korteriühistud, elamuühistud, hooneühistud jms)"
68322,6832,Aiandus- ja suvilaühistute haldus
68329,6832,Muu kinnisvarahaldus või haldusega seotud tegevused
N,,"KUTSE-, TEADUS- JA TEHNIKAALANE TEGEVUS"
69,N,Juriidilised toimingud ja arvepidamine
691,69,Juriidilised toimingud
6910,691,Juriidilised toimingud
69101,6910,Advokaatide ja advokaadibüroode tegevus
69102,6910,Õigusnõustajate ja õigusbüroode tegevus
69103,6910,Notarite tegevus
69109,6910,Muud juriidilised toimingud
692,69,"Arvepidamine, raamatupidamine ja auditeerimine; maksualane nõustamine"
6920,692,"Arvepidamine, raamatupidamine ja auditeerimine; maksualane nõustamine"
69201,6920,Auditeerimine
69202,6920,"Raamatupidamine, maksualane nõustamine"
70,N,Peakontorite tegevus ning juhtimisalane nõustamine
701,70,Peakontorite tegevus
7010,701,Peakontorite tegevus
70101,7010,Peakontorite tegevus
702,70,Äri- ja muu juhtimisalane nõustamine
7020,702,Äri- ja muu juhtimisalane nõustamine
70201,7020,Äri- ja muu juhtimisalane nõustamine
71,N,Arhitekti- ja inseneritegevused; tehniline katsetamine ja analüüs
711,71,Arhitekti- ja inseneritegevused ning nendega seotud tehniline konsultatsioon
7111,711,Arhitektitegevused
71111,7111,Arhitektitegevused
7112,711,Inseneritegevused ning nendega seotud tehniline konsultatsioon
71121,7112,Ehituslik insener-tehniline projekteerimine ja nõustamine
71122,7112,Geoloogilised ja geodeetilised uurimistööd
71129,7112,Muud insener-tehnilised tegevusalad
712,71,Tehniline katsetamine ja analüüs
7120,712,Tehniline katsetamine ja analüüs
71201,7120,Autode tehniline ülevaatus
71209,7120,Muu tehniline katsetamine ja analüüs
72,N,Teadus- ja arendustegevus
721,72,Teadus- ja arendustegevus loodus- ja tehnikateaduste vallas
7210,721,Teadus- ja arendustegevus loodus- ja tehnikateaduste vallas
72101,7210,Teadus- ja arendustegevus loodus- ja tehnikateaduste vallas
722,72,Teadus- ja arendustegevus sotsiaal- ja humanitaarteaduste vallas
7220,722,Teadus- ja arendustegevus sotsiaal- ja humanitaarteaduste vallas
72201,7220,Teadus- ja arendustegevus sotsiaal- ja humanitaarteaduste vallas
73,N,"Reklaamindus, turu-uuringud ja suhtekorraldus"
731,73,Reklaamindus
7311,731,Reklaamiagentuuride tegevus
73111,7311,Reklaamiagentuuride tegevus
7312,731,Reklaami vahendamine meedias
73121,7312,Reklaami vahendamine meedias
732,73,Turu-uuringud ja avaliku arvamuse küsitlused
7320,732,Turu-uuringud ja avaliku arvamuse küsitlused
73201,7320,Turu-uuringud ja avaliku arvamuse küsitlused
733,73,Suhtekorraldus ja teabevahetus
7330,733,Suhtekorraldus ja teabevahetus
73301,7330,Suhtekorraldus ja teabevahetus
74,N,"Muu kutse-, teadus- ja tehnikaalane tegevus"
741,74,Disainerite tegevus
7411,741,Tööstustoote- ja moedisain
74111,7411,Tööstustoote- ja moedisain
7412,741,Graafiline disain ja visuaalne kommunikatsioon
74121,7412,Graafiline disain ja visuaalne kommunikatsioon
7413,741,Sisekujundus
74131,7413,Sisekujundus
7414,741,Muu disainerite tegevus
74141,7414,Muu disainerite tegevus
742,74,Fotograafia
7420,742,Fotograafia
74201,7420,Fotograafia
743,74,Kirjalik ja suuline tõlge
7430,743,Kirjalik ja suuline tõlge
74301,7430,Kirjalik ja suuline tõlge
749,74,"Muu mujal liigitamata kutse-, teadus- ja tehnikaalane tegevus"
7491,749,Patentide vahendamine ja turundus
74911,7491,Patentide vahendamine ja turundus
7499,749,"Kogu muu mujal liigitamata kutse-, teadus- ja tehnikaalane tegevus"
74991,7499,"Kogu muu mujal liigitamata kutse-, teadus- ja tehnikaalane tegevus"
75,N,Veterinaaria
750,75,Veterinaaria
7500,750,Veterinaaria
75001,7500,Veterinaaria
O,,HALDUS- JA ABITEGEVUSED
77,O,Rentimine ja kasutusrent
771,77,Mootorsõidukite rentimine ja kasutusrent
7711,771,Sõiduautode ja väikebusside rentimine ja kasutusrent
77111,7711,"Sõiduautode ja väikebusside (täismassiga kuni 3,5 t) rentimine ja kasutusrent"
7712,771,Veokite rentimine ja kasutusrent
77121,7712,Veokite rentimine ja kasutusrent
772,77,Tarbeesemete ja kodumasinate väljaüürimine ja kasutusrent
7721,772,Vabaaja- ja sporditarvete väljaüürimine ja kasutusrent
77211,7721,Vabaaja- ja sporditarvete väljaüürimine ja kasutusrent
7722,772,Muude tarbeesemete ja kodumasinate väljaüürimine ja kasutusrent
77221,7722,Muude tarbeesemete ja kodumasinate väljaüürimine ja kasutusrent
773,77,"Muude masinate, seadmete ja materiaalse vara rentimine ja kasutusrent"
7731,773,Põllumajandusmasinate ja -seadmete rentimine ja kasutusrent
77311,7731,Põllumajandusmasinate ja -seadmete rentimine ja kasutusrent
7732,773,Ehitusmasinate ja -seadmete rentimine ja kasutusrent
77321,7732,Ehitusmasinate ja -seadmete rentimine ja kasutusrent
7733,773,Kontorimasinate ja -seadmete ning arvutite rentimine ja kasutusrent
77331,7733,Kontorimasinate ja -seadmete ning arvutite rentimine ja kasutusrent
7734,773,Veetranspordivahendite rentimine ja kasutusrent
77341,7734,Veetranspordivahendite rentimine ja kasutusrent
7735,773,Õhutranspordivahendite rentimine ja kasutusrent
77351,7735,Õhutranspordivahendite rentimine ja kasutusrent
7739,773,"Muude mujal liigitamata masinate, seadmete jm materiaalse vara rentimine ja kasutusrent"
77391,7739,Raudteeveeremi rentimine ja kasutusrent
77399,7739,"Muu mujal liigitamata masinate, seadmete jm materiaalse vara rentimine ja kasutusrent"
774,77,Intellektuaalomandi ja sarnaste toodete (v.a autoriõigusega tööd) rentimine
7740,774,Intellektuaalomandi ja sarnaste toodete (v.a autoriõigusega tööd) rentimine
77401,7740,Intellektuaalomandi ja sarnaste toodete (v.a autoriõigusega tööd) rentimine
775,77,Materiaalse ja immateriaalse vara (v.a finantsvara) rentimise ja kasutusrendi vahendusteenus
7751,775,"Autode, autoelamute ja haagiste rentimise ja kasutusrendi vahendusteenus"
77511,7751,"Autode, autoelamute ja haagiste rentimise ja kasutusrendi vahendusteenus"
7752,775,Muu materiaalse ja immateriaalse vara (v.a finantsvara) rentimise ja kasutusrendi vahendusteenus
77521,7752,Muu materiaalse ja immateriaalse vara (v.a finantsvara) rentimise ja kasutusrendi vahendusteenus
78,O,Tööhõive
781,78,Tööhõiveagentuuride tegevus
7810,781,Tööhõiveagentuuride tegevus
78101,7810,Tööhõiveagentuuride tegevus
782,78,Tööjõurent ja muud tööjõuteenused
7820,782,Tööjõurent ja muud tööjõuteenused
78201,7820,Tööjõurent
78209,7820,Muud tööjõuteenused
79,O,"Reisibüroode ja reisikorraldajate tegevus, reserveerimine ning sellega seotud tegevus"
791,79,Reisibüroode ja reisikorraldajate tegevus
7911,791,Reisibüroode tegevus
79111,7911,Reisibüroode tegevus
7912,791,Reisikorraldajate tegevus
79121,7912,Reisikorraldajate tegevus
799,79,Muu reserveerimine ja sellega seotud tegevus
7990,799,Muu reserveerimine ja sellega seotud tegevus
79901,7990,Muu reserveerimine ja sellega seotud tegevus
80,O,Juurdlus ja turvatöö
800,80,Juurdlus ja turvatöö
8001,800,"Juurdlus ja turvatöö, v.a avalik korrakaitse"
80011,8001,"Juurdlus ja turvatöö, v.a avalik korrakaitse"
8009,800,Mujal liigitamata turvatöö
80091,8009,Mujal liigitamata turvatöö
81,O,Hoonete ja maastike hooldus
811,81,Hoonehalduse kombineeritud teenus
8110,811,Hoonehalduse kombineeritud teenus
81101,8110,Hoonehalduse kombineeritud teenus
812,81,Puhastustegevus
8121,812,Hoonete üldpuhastus
81211,8121,Hoonete üldpuhastus
8122,812,Hoonete muu puhastus ja tööstuslik puhastustegevus
81221,8122,Hoonete muu puhastus ja tööstuslik puhastustegevus
8123,812,Muu puhastustegevus
81231,8123,Muu puhastustegevus
813,81,Maastiku hooldus ja korrashoid
8130,813,Maastiku hooldus ja korrashoid
81301,8130,Maastiku hooldus ja korrashoid
82,O,"Büroohaldus, büroode ja muu äritegevuse abitegevused"
821,82,Büroohaldus ja selle abitegevused
8210,821,Büroohaldus ja selle abitegevused
82101,8210,Büroohaldus ja selle abitegevused
822,82,Kõnekeskuste tegevus
8220,822,Kõnekeskuste tegevus
82201,8220,Kõnekeskuste tegevus
823,82,Konverentside ja messide korraldamine
8230,823,Konverentside ja messide korraldamine
82301,8230,Konverentside ja messide korraldamine
824,82,Mujal liigitamata äritegevust abistavate tegevuste vahendamine
8240,824,Mujal liigitamata äritegevust abistavate tegevuste vahendamine
82401,8240,Mujal liigitamata äritegevust abistavate tegevuste vahendamine
829,82,Mujal liigitamata äritegevust abistavad tegevused
8291,829,Inkassoteenus ja krediidiinfo
82911,8291,Inkassoteenus ja krediidiinfo
8292,829,Pakendamine
82921,8292,Pakendamine
8299,829,Muud mujal liigitamata äritegevust abistavad tegevused
82991,8299,Muud mujal liigitamata äritegevust abistavad tegevused
P,,AVALIK HALDUS JA RIIGIKAITSE; KOHUSTUSLIK SOTSIAALKINDLUSTUS
84,P,Avalik haldus ja riigikaitse; kohustuslik sotsiaalkindlustus
841,84,"Avalik haldus ning majandus-, sotsiaal- ja keskkonnapoliitika juhtimine"
8411,841,Üldine avalik haldus
84111,8411,Täitev- ja seadusandlike organite tegevus
84112,8411,Rahandus- ja fiskaalpoliitikaga seotud tegevused
84113,8411,Majanduse ja sotsiaalse üldplaneerimisega ning statistikaga seotud tegevused
84114,8411,Valla- ja linnavalitsuste tegevus
84119,8411,Mujal liigitamata üldine avalik haldus
8412,841,"Tervishoiu-, haridus-, kultuuri- ja muude sotsiaalteenuste korraldamine"
84121,8412,Hariduskorraldus
84122,8412,Tervishoiu ja sotsiaalelu korraldus
84123,8412,Elamu- ja kommunaalmajanduse korraldamine
84124,8412,"Vaba aja tegevuse, kultuuri ja religiooni haldus"
84125,8412,Keskkonnakaitse korraldamine
8413,841,Majandustegevuse korraldamine ja tõhustamine
84131,8413,"Põllumajanduse, metsanduse, maakasutuse, kalanduse ja jahinduse haldus"
84132,8413,Transpordi ja side haldus
84139,8413,Muud majandustegevust toetavad tegevused
842,84,Ühiskonna kui terviku teenindamine
8421,842,Välissuhted
84211,8421,Välissuhted
8422,842,Riigikaitse
84221,8422,Riigikaitse
8423,842,Õiguskaitse ja kohtud
84231,8423,Kohtute tegevus ja haldus
84232,8423,Vanglate ja parandusasutuste haldus
84239,8423,"Muud õiguskaitse ja kohtutega seotud tegevused, prokuratuuri tegevus"
8424,842,Avalik korrakaitse ja julgeolekuteenistused
84241,8424,Politseiteenistus
84242,8424,Piiri- ja rannavalveteenistus
84249,8424,Muud avaliku julgeoleku ja korrakaitsega seotud tegevused
8425,842,Tuletõrje- ja päästeteenistus
84251,8425,"Tuletõrje- ja päästeteenistused, k.a vetelpääste"
843,84,Kohustuslik sotsiaalkindlustus
8430,843,Kohustuslik sotsiaalkindlustus
84301,8430,Kohustuslik sotsiaalkindlustus
Q,,HARIDUS
85,Q,Haridus
851,85,Alusharidus
8510,851,Alusharidus
85101,8510,Lastehoiud
85102,8510,Lasteaiad
852,85,Põhihariduse I ja II kooliaste
8520,852,Põhihariduse I ja II kooliaste
85201,8520,Lasteaed-algkoolid
85202,8520,Algkoolid
853,85,"Põhihariduse III kooliaste, üldkeskharidus ja kutseharidus"
8531,853,Põhihariduse III kooliaste ja üldkeskharidus
85311,8531,Lasteaed-põhikoolid
85312,8531,Põhikoolid
85313,8531,Põhikool-gümnaasiumid
85314,8531,Gümnaasiumid
8532,853,"Kutseharidus (ilma haridusnõudeta või põhihariduse baasil), kutsekeskharidus"
85321,8532,Kutseõppeasutused
8533,853,"Keskharidusejärgne haridus, mida ei tunnustata kõrgharidusena"
85331,8533,"Keskharidusejärgne haridus, mida ei tunnustata kõrgharidusena"
854,85,Kõrgharidus
8540,854,Kõrgharidus
85401,8540,Rakenduskõrgkoolid
85402,8540,Ülikoolid
855,85,Muu õpe
8551,855,Spordiõpe
85511,8551,Spordikoolid
85519,8551,Muu spordiõpe
8552,855,Kunsti- ja kultuuriõpe
85521,8552,Muusika- ja kunstiõpe
85522,8552,Tantsuõpe
85529,8552,Muu kunsti- ja kultuuriõpe
8553,855,Sõiduõpe
85531,8553,Sõiduõpe
8559,855,Muu mujal liigitamata õpe
85591,8559,Keeleõpe
85592,8559,Arvutiõpe
85593,8559,"Loodus-, täppisteaduste ja tehnoloogia õpe"
85599,8559,Muu mujal liigitamata õpe
856,85,Haridust abistavad tegevused
8561,856,Kursuste ja juhendajate vahendamine
85611,8561,Kursuste ja juhendajate vahendamine
8569,856,Mujal liigitamata haridust abistavad tegevused
85691,8569,Hariduse tugiteenused
85699,8569,Muud mujal liigitamata haridust abistavad tegevused
R,,TERVISHOID JA SOTSIAALHOOLEKANNE
86,R,Tervishoid
861,86,Haiglaravi
8610,861,Haiglaravi
86101,8610,Haiglaravi
862,86,Arstiabi ja hambaravi
8621,862,Üldarstiabi
86211,8621,Üldarstiabi
8622,862,Eriarstiabi
86221,8622,Eriarstiabi
8623,862,Hambaravi
86231,8623,Hambaravi
869,86,Muud tervishoiualad
8691,869,Piltdiagnostika teenused ja meditsiinilaborite tegevus
86911,8691,Piltdiagnostika teenused ja meditsiinilaborite tegevus
8692,869,Patsiendi kiirabitransport
86921,8692,Patsiendi kiirabitransport
8693,869,Psühholoogide ja psühhoterapeutide (v.a arstid) tegevus
86931,8693,Psühholoogide ja psühhoterapeutide (v.a arstid) tegevus
8694,869,Õendus ja sünnitusabi
86941,8694,Õendusabi osutamine
86942,8694,Ämmaemandate tegevus
8695,869,Taastusravi
86951,8695,Taastusravi
8696,869,"Traditsiooniline, täiendav ja alternatiivmeditsiin"
86961,8696,"Traditsiooniline, täiendav ja alternatiivmeditsiin"
8697,869,"Ravi-, hambaravi- ja muude tervishoiuteenuste vahendamine"
86971,8697,"Ravi-, hambaravi- ja muude tervishoiuteenuste vahendamine"
8699,869,Muud mujal liigitamata tervishoiualad
86991,8699,"Vere-, sperma- jms pankade tegevus"
86992,8699,Muud mujal liigitamata tervishoiualad
87,R,Hoolekandeasutuste tegevus
871,87,Hooldusraviasutuste tegevus
8710,871,Hooldusraviasutuste tegevus
87101,8710,Hooldusraviasutuste tegevus
872,87,Diagnoositud või diagnoosimata psüühikahäirega isikute ning ainesõltlaste hoolekandeasutuste tegevus
8720,872,Diagnoositud või diagnoosimata psüühikahäirega isikute ning ainesõltlaste hoolekandeasutuste tegevus
87201,8720,Hoolekandeasutused intellektipuudega või psüühiliste erivajadustega isikutele
87202,8720,Hoolekandeasutused ainesõltlastele
873,87,Eakate või füüsilise puudega inimeste hoolekandeasutuste tegevus
8730,873,Eakate või füüsilise puudega inimeste hoolekandeasutuste tegevus
87301,8730,Eakate või füüsilise puudega inimeste hoolekandeasutuste tegevus
879,87,Muude hoolekandeasutuste tegevus
8791,879,Hoolekandeasutuste tegevuse vahendamine
87911,8791,Hoolekandeasutuste tegevuse vahendamine
8799,879,Muude mujal liigitamata hoolekandeasutuste tegevus
87991,8799,Asendushooldusteenust osutavate hoolekandeasutuste tegevus
87999,8799,Muude mujal liigitamata hoolekandeasutuste tegevus
88,R,Sotsiaalhoolekanne majutuseta
881,88,Eakate ja puuetega inimeste sotsiaalhoolekanne majutuseta
8810,881,Eakate ja puuetega inimeste sotsiaalhoolekanne majutuseta
88101,8810,Eakate ja puuetega inimeste sotsiaalhoolekanne majutuseta
889,88,Muu sotsiaalhoolekanne majutuseta
8891,889,Lapsehoiuteenus
88911,8891,Lapsehoiuteenus
8899,889,Mujal liigitamata sotsiaalhoolekanne ilma majutuseta
88991,8899,Mujal liigitamata sotsiaalhoolekanne ilma majutuseta
S,,"KUNST, SPORT JA VABA AEG"
90,S,Kunstiloome ja esituskunstid
901,90,Kunstiloome
9011,901,Kirjandus- ja heliloome
90111,9011,Kirjandusloome
90112,9011,Heliloome
9012,901,Visuaalkunstiloome
90121,9012,Visuaalkunstiloome
9013,901,Muu kunstiloome
90131,9013,Muu kunstiloome
902,90,Esituskunstid
9020,902,Esituskunstid
90201,9020,Näitlejate ja tantsijate lavaline tegevus
90202,9020,Muusikute lavaline tegevus
90209,9020,Muude esinejate lavaline tegevus
903,90,Kunstiloome ja esituskunstide abitegevused
9031,903,"Teatri-, kontserdi- jms hoonete ja objektide käitus"
90311,9031,"Teatri-, kontserdi- jms hoonete ja objektide käitus"
9039,903,Muud kunsti ja esituskunstide abitegevused
90391,9039,Kunsti ja esituskunstide lavatehnilised abitegevused
90399,9039,"Muud kunsti ja esituskunstide abitegevused, v.a lavatehnilised"
91,S,"Raamatukogude, arhiivide, muuseumide ja muude kultuuriasutuste tegevus"
911,91,Raamatukogude ja arhiivide tegevus
9111,911,Raamatukogude tegevus
91111,9111,Raamatukogude tegevus
9112,911,Arhiivide tegevus
91121,9112,Arhiivide tegevus
912,91,"Muuseumide, kogude ning ajalooliste paikade ja mälestistega seotud tegevus"
9121,912,Muuseumide ja kogudega seotud tegevus
91211,9121,Muuseumide ja kogudega seotud tegevus
9122,912,Ajalooliste paikade ja mälestistega seotud tegevus
91221,9122,Ajalooliste paikade ja mälestistega seotud tegevus
913,91,"Kultuuripärandi säilitamine, taastamine ja muu abistav tegevus"
9130,913,"Kultuuripärandi säilitamine, taastamine ja muu abistav tegevus"
91301,9130,"Kultuuripärandi säilitamine, taastamine ja muud säilitamise abitegevused"
914,91,Botaanika- ja loomaaedade ning looduskaitsealade tegevus
9141,914,Botaanika- ja loomaaedade tegevus
91411,9141,Botaanika- ja loomaaedade tegevus
9142,914,Looduskaitsealade tegevus
91421,9142,Looduskaitsealade tegevus
92,S,Hasartmängude ja kihlvedude korraldamine
920,92,Hasartmängude ja kihlvedude korraldamine
9200,920,Hasartmängude ja kihlvedude korraldamine
92001,9200,Hasartmängude ja kihlvedude korraldamine
93,S,Sporditegevus ning lõbustus- ja vaba aja tegevused
931,93,Sporditegevus
9311,931,Spordiehitiste käitus
93111,9311,Spordiehitiste käitus
9312,931,Spordiklubide tegevus
93121,9312,Spordiklubide tegevus
93122,9312,Invaspordiklubide tegevus
9313,931,Spordi- ja jõusaalide tegevus
93131,9313,Spordi- ja jõusaalide tegevus
9319,931,Mujal liigitamata sporditegevus
93191,9319,"Spordi alaliitude, spordiliitude ja spordiühenduste tegevus"
93192,9319,Sportlik ja meelelahutuslik jahipidamine ja kalapüük
93199,9319,Mujal liigitamata sporditegevus
932,93,Lõbustus- ja vaba aja tegevused
9321,932,Lõbustus- ja teemaparkide tegevus
93211,9321,Lõbustus- ja teemaparkide tegevus
9329,932,Mujal liigitamata lõbustus- ja vaba aja tegevused
93291,9329,Mujal liigitamata lõbustus- ja vaba aja tegevused
T,,MUUD TEENINDAVAD TEGEVUSED
94,T,Organisatsioonide tegevus
941,94,"Ettevõtjate, tööandjate ja kutseorganisatsioonide tegevus"
9411,941,Ettevõtjate ja tööandjate organisatsioonide tegevus
94111,9411,"Põllumajandusseltsid ja -liidud, aiandus- ja mesindusseltsid, metsaseltsid ja -liidud"
94119,9411,Muude ettevõtjate ja tööandjate organisatsioonide tegevus
9412,941,Kutseorganisatsioonide tegevus
94121,9412,Loomeliitude tegevus
94129,9412,Muude kutseorganisatsioonide tegevus
942,94,Ametiühingute tegevus
9420,942,Ametiühingute tegevus
94201,9420,Ametiühingute tegevus
949,94,Muude organisatsioonide tegevus
9491,949,Usuorganisatsioonide tegevus
94911,9491,"Kirikute, koguduste ja kloostrite tegevus"
94919,9491,Muude usuorganisatsioonide tegevus
9492,949,Poliitiliste organisatsioonide tegevus
94921,9492,Erakondade tegevus
94929,9492,Muude poliitiliste organisatsioonide tegevus
9499,949,Mujal liigitamata organisatsioonide tegevus
94991,9499,Kodanikuõiguste kaitse ja eestkoste; teatud elanikegrupi huvide kaitse
94992,9499,Piirkondlikku/kohalikku elu edendavad ja toetavad ühendused
94993,9499,Noorte- ja lasteühendused ning noorte ja laste heaolu edendavad ühendused
94994,9499,Rahvusvähemuste ühendused ja kultuuriseltsid
94995,9499,"Vaba aja veetmise, meelelahutuse, kultuurilise tegevuse või huvialadega seotud ühendused"
94996,9499,Keskkonna- ja looduskaitseühendused
94997,9499,"Tervisehäiretega, puuetega või erivajadustega isikute ühendused ja nende liidud"
94999,9499,Muude mujal liigitamata organisatsioonide tegevus
95,T,"Arvutite, tarbeesemete ja kodutarvete ning mootorsõidukite ja mootorrataste parandus ja hooldus"
951,95,Arvutite ja sideseadmete parandus ja hooldus
9510,951,Arvutite ja sideseadmete parandus ja hooldus
95101,9510,Arvutite ja arvuti välisseadmete parandus ja hooldus
95102,9510,Sideseadmete parandus ja hooldus
952,95,Tarbeesemete ja kodutarvete parandus ja hooldus
9521,952,Tarbeelektroonika parandus ja hooldus
95211,9521,Tarbeelektroonika parandus ja hooldus
9522,952,Kodumasinate ning majapidamis- ja aiatööriistade parandus ja hooldus
95221,9522,Kodumasinate ning majapidamis- ja aiatööriistade parandus ning hooldus
9523,952,Jalatsite ja nahktoodete parandus ja hooldus
95231,9523,Jalatsite ja nahktoodete parandus ning hooldus
9524,952,Mööbli ja sisustusesemete parandus ja hooldus
95241,9524,Mööbli ja sisustusesemete parandus ning hooldus
9525,952,Kellade ja ehete parandus ja hooldus
95251,9525,Kellade ja ehete parandus ning hooldus
9529,952,Mujal liigitamata tarbeesemete ja kodutarvete parandus ja hooldus
95291,9529,Mujal liigitamata tarbeesemete ja kodutarvete parandus ning hooldus
953,95,Mootorsõidukite ja mootorrataste remont ja hooldus
9531,953,Mootorsõidukite remont ja hooldus
95311,9531,Mootorsõidukite remont ja hooldus
9532,953,Mootorrataste remont ja hooldus
95321,9532,Mootorrataste remont ja hooldus
954,95,"Arvutite, tarbeesemete ja kodutarvete ning mootorsõidukite ja mootorrataste paranduse ja hoolduse vahendamine"
9540,954,"Arvutite, tarbeesemete ja kodutarvete ning mootorsõidukite ja mootorrataste paranduse ja hoolduse vahendamine"
95401,9540,"Arvutite, tarbeesemete ja kodutarvete ning mootorsõidukite ja mootorrataste paranduse ja hoolduse vahendamine"
96,T,Teenindus
961,96,Tekstiil- ja karusnahatoodete pesu ja puhastus
9610,961,Tekstiil- ja karusnahatoodete pesu ja puhastus
96101,9610,Tekstiil- ja karusnahatoodete pesu ja puhastus
962,96,"Juuksuri- ja iluteenindus, päevaspaade teenused jms tegevus"
9621,962,Juuksuriteenindus ja habemeajamine
96211,9621,Juuksuriteenindus ja habemeajamine
9622,962,Iluhooldus ja muud iluteenused
96221,9622,Kosmeetiku iluhooldusteenused
96222,9622,Küünetehnikuteenused
96223,9622,Ripsme- ja kulmutehnikuteenused
96224,9622,Püsimeigiteenused
96229,9622,Muud iluhooldused ja iluteenused
9623,962,"Päevaspaa, saunade ja aurusaunade tegevus"
96231,9623,"Päevaspaa, massaažisalongide ja saunade tegevus"
96232,9623,Solaariumide tegevus
963,96,Matuseteenindus
9630,963,Matuseteenindus
96301,9630,Matusebüroode ja krematooriumide tegevus
96302,9630,Kalmistute tegevus
964,96,Teeninduse vahendamine
9640,964,Teeninduse vahendamine
96401,9640,Teeninduse vahendamine
969,96,Muu teenindus
9691,969,Koduteenindus
96911,9691,Koduteenindus
9699,969,Muu mujal liigitamata teenindus
96991,9699,Lemmikloomade hooldamine
96999,9699,Muu mujal liigitamata teenindus
U,,KODUMAJAPIDAMISTE KUI TÖÖANDJATE TEGEVUS NING KODUMAJAPIDAMISTE OMA TARBEKS MÕELDUD ERISTAMATA KAUPADE TOOTMINE JA TEENUSTE OSUTAMINE
97,U,Kodumajapidamised majapidamispersonali tööandjana
970,97,Kodumajapidamised majapidamispersonali tööandjana
9700,970,Kodumajapidamised majapidamispersonali tööandjana
97001,9700,Kodumajapidamised majapidamispersonali tööandjana
98,U,Kodumajapidamiste oma tarbeks mõeldud eristamata kaupade tootmine ja teenuste osutamine
981,98,Kodumajapidamiste oma tarbeks mõeldud eristamata kaupade tootmine
9810,981,Kodumajapidamiste oma tarbeks mõeldud eristamata kaupade tootmine
98101,9810,Kodumajapidamiste oma tarbeks mõeldud eristamata kaupade tootmine
982,98,Kodumajapidamiste oma tarbeks mõeldud eristamata teenuste osutamine
9820,982,Kodumajapidamiste oma tarbeks mõeldud eristamata teenuste osutamine
98201,9820,Kodumajapidamiste oma tarbeks mõeldud eristamata teenuste osutamine
V,,EKSTERRITORIAALSETE ORGANISATSIOONIDE JA ÜKSUSTE TEGEVUS
99,V,Eksterritoriaalsete organisatsioonide ja üksuste tegevus
990,99,Eksterritoriaalsete organisatsioonide ja üksuste tegevus
9900,990,Eksterritoriaalsete organisatsioonide ja üksuste tegevus
99001,9900,Eksterritoriaalsete organisatsioonide ja üksuste tegevus
