code,parent,label_en
A,,"AGRICULTURE, FORESTRY AND FISHING"
01,A,"Crop and animal production, hunting and related service activities"
011,01,Growing of non-perennial crops
0111,011,"Growing of cereals, other than rice, leguminous crops and oil seeds"
0112,011,Growing of rice
0113,011,"Growing of vegetables and melons, roots and tubers"
0114,011,Growing of sugar cane
0115,011,Growing of tobacco
0116,011,Growing of fibre crops
0119,011,Growing of other non-perennial crops
012,01,Growing of perennial crops
0121,012,Growing of grapes
0122,012,Growing of tropical and subtropical fruits
0123,012,Growing of citrus fruits
0124,012,Growing of pome fruits and stone fruits
0125,012,Growing of other tree and bush fruits and nuts
0126,012,Growing of oleaginous fruits
0127,012,Growing of beverage crops
0128,012,"Growing of spices, aromatic, drug and pharmaceutical crops"
0129,012,Growing of other perennial crops
013,01,Plant propagation
0130,013,Plant propagation
014,01,Animal production
0141,014,Raising of dairy cattle
0142,014,Raising of other cattle and buffaloes
0143,014,Raising of horses and other equines
0144,014,Raising of camels and camelids
0145,014,Raising of sheep and goats
0146,014,Raising of swine and pigs
0147,014,Raising of poultry
0148,014,Raising of other animals
015,01,Mixed farming
0150,015,Mixed farming
016,01,Support activities to agriculture and post-harvest crop activities
0161,016,Support activities for crop production
0162,016,Support activities for animal production
0163,016,Post-harvest crop activities and seed processing for propagation
017,01,"Hunting, trapping and related service activities"
0170,017,"Hunting, trapping and related service activities"
02,A,Forestry and logging
021,02,Silviculture and other forestry activities
0210,021,Silviculture and other forestry activities
022,02,Logging
0220,022,Logging
023,02,Gathering of wild growing non-wood products
0230,023,Gathering of wild growing non-wood products
024,02,Support services to forestry
0240,024,Support services to forestry
03,A,Fishing and aquaculture
031,03,Fishing
0311,031,Marine fishing
0312,031,Freshwater fishing
032,03,Aquaculture
0321,032,Marine aquaculture
0322,032,Freshwater aquaculture
033,03,Support activities for fishing and aquaculture
0330,033,Support activities for fishing and aquaculture
B,,MINING AND QUARRYING
05,B,Mining of coal and lignite
051,05,Mining of hard coal
0510,051,Mining of hard coal
052,05,Mining of lignite
0520,052,Mining of lignite
06,B,Extraction of crude petroleum and natural gas
061,06,Extraction of crude petroleum
0610,061,Extraction of crude petroleum
062,06,Extraction of natural gas
0620,062,Extraction of natural gas
07,B,Mining of metal ores
071,07,Mining of iron ores
0710,071,Mining of iron ores
072,07,Mining of non-ferrous metal ores
0721,072,Mining of uranium and thorium ores
0729,072,Mining of other non-ferrous metal ores
08,B,Other mining and quarrying
081,08,"Quarrying of stone, sand and clay"
0811,081,"Quarrying of ornamental stone, limestone, gypsum, slate and other stone"
0812,081,Operation of gravel and sand pits and mining of clay and kaolin
089,08,Mining and quarrying n.e.c.
0891,089,Mining of chemical and fertiliser minerals
0892,089,Extraction of peat
0893,089,Extraction of salt
0899,089,Other mining and quarrying n.e.c.
09,B,Mining support service activities
091,09,Support activities for petroleum and natural gas extraction
0910,091,Support activities for petroleum and natural gas extraction
099,09,Support activities for other mining and quarrying
0990,099,Support activities for other mining and quarrying
C,,MANUFACTURING
10,C,Manufacture of food products
101,10,Processing and preserving of meat and production of meat products
1011,101,"Processing and preserving of meat, except of poultry meat"
1012,101,Processing and preserving of poultry meat
1013,101,Production of meat and poultry meat products
102,10,"Processing and preserving of fish, crustaceans and molluscs"
1020,102,"Processing and preserving of fish, crustaceans and molluscs"
103,10,Processing and preserving of fruit and vegetables
1031,103,Processing and preserving of potatoes
1032,103,Manufacture of fruit and vegetable juice
1039,103,Other processing and preserving of fruit and vegetables
104,10,Manufacture of vegetable and animal oils and fats
1041,104,Manufacture of oils and fats
1042,104,Manufacture of margarine and similar edible fats
105,10,Manufacture of dairy products and edible ice
1051,105,Manufacture of dairy products
1052,105,Manufacture of ice cream and other edible ice
106,10,"Manufacture of grain mill products, starches and starch products"
1061,106,Manufacture of grain mill products
1062,106,Manufacture of starches and starch products
107,10,Manufacture of bakery and farinaceous products
1071,107,Manufacture of bread; manufacture of fresh pastry goods and cakes
1072,107,"Manufacture of rusks, biscuits, preserved pastries and cakes"
1073,107,Manufacture of farinaceous products
108,10,Manufacture of other food products
1081,108,Manufacture of sugar
1082,108,"Manufacture of cocoa, chocolate and sugar confectionery"
1083,108,Processing of tea and coffee
1084,108,Manufacture of condiments and seasonings
1085,108,Manufacture of prepared meals and dishes
1086,108,Manufacture of homogenised food preparations and dietetic food
1089,108,Manufacture of other food products n.e.c.
109,10,Manufacture of prepared animal feeds
1091,109,Manufacture of prepared feeds for farm animals
1092,109,Manufacture of prepared pet foods
11,C,Manufacture of beverages
110,11,Manufacture of beverages
1101,110,"Distilling, rectifying and blending of spirits"
1102,110,Manufacture of wine from grape
1103,110,Manufacture of cider and other fruit fermented beverages
1104,110,Manufacture of other non-distilled fermented beverages
1105,110,Manufacture of beer
1106,110,Manufacture of malt
1107,110,Manufacture of soft drinks and bottled waters
12,C,Manufacture of tobacco products
120,12,Manufacture of tobacco products
1200,120,Manufacture of tobacco products
13,C,Manufacture of textiles
131,13,Preparation and spinning of textile fibres
1310,131,Preparation and spinning of textile fibres
132,13,Weaving of textiles
1320,132,Weaving of textiles
133,13,Finishing of textiles
1330,133,Finishing of textiles
139,13,Manufacture of other textiles
1391,139,Manufacture of knitted and crocheted fabrics
1392,139,Manufacture of household textiles and made-up furnishing articles
1393,139,Manufacture of carpets and rugs
1394,139,"Manufacture of cordage, rope, twine and netting"
1395,139,Manufacture of non-wovens and non-woven articles
1396,139,Manufacture of other technical and industrial textiles
1399,139,Manufacture of other textiles n.e.c.
14,C,Manufacture of wearing apparel
141,14,Manufacture of knitted and crocheted apparel
1410,141,Manufacture of knitted and crocheted apparel
142,14,Manufacture of other wearing apparel and accessories
1421,142,Manufacture of outerwear
1422,142,Manufacture of underwear
1423,142,Manufacture of workwear
1424,142,Manufacture of leather clothes and fur apparel
1429,142,Manufacture of other wearing apparel and accessories n.e.c.
15,C,Manufacture of leather and related products of other materials
151,15,"Tanning, dyeing, dressing of leather and fur; manufacture of luggage, handbags, saddlery and harness"
1511,151,"Tanning, dressing, dyeing of leather and fur"
1512,151,"Manufacture of luggage, handbags, saddlery and harness of any material"
152,15,Manufacture of footwear
1520,152,Manufacture of footwear
16,C,"Manufacture of wood and of products of wood and cork, except furniture; manufacture of articles of straw and plaiting materials"
161,16,Sawmilling and planing of wood; processing and finishing of wood
1611,161,Sawmilling and planing of wood
1612,161,Processing and finishing of wood
162,16,"Manufacture of products of wood, cork, straw and plaiting materials"
1621,162,Manufacture of veneer sheets and wood-based panels
1622,162,Manufacture of assembled parquet floors
1623,162,Manufacture of other builders' carpentry and joinery
1624,162,Manufacture of wooden containers
1625,162,Manufacture of doors and windows of wood
1626,162,Manufacture of solid fuels from vegetable biomass
1627,162,Finishing of wooden products
1628,162,"Manufacture of other products of wood and articles of cork, straw and plaiting materials"
17,C,Manufacture of paper and paper products
171,17,"Manufacture of pulp, paper and paperboard"
1711,171,Manufacture of pulp
1712,171,Manufacture of paper and paperboard
172,17,Manufacture of articles of paper and paperboard
1721,172,"Manufacture of corrugated paper, paperboard and containers of paper and paperboard"
1722,172,Manufacture of household and sanitary goods and of toilet requisites
1723,172,Manufacture of paper stationery
1724,172,Manufacture of wallpaper
1725,172,Manufacture of other articles of paper and paperboard
18,C,Printing and reproduction of recorded media
181,18,Printing and service activities related to printing
1811,181,Printing of newspapers
1812,181,Other printing
1813,181,Pre-press and pre-media services
1814,181,Binding and related services
182,18,Reproduction of recorded media
1820,182,Reproduction of recorded media
19,C,Manufacture of coke and refined petroleum products
191,19,Manufacture of coke oven products
1910,191,Manufacture of coke oven products
192,19,Manufacture of refined petroleum products and fossil fuel products
1920,192,Manufacture of refined petroleum products and fossil fuel products
20,C,Manufacture of chemicals and chemical products
201,20,"Manufacture of basic chemicals, fertilisers and nitrogen compounds, plastics and synthetic rubber in primary forms"
2011,201,Manufacture of industrial gases
2012,201,Manufacture of dyes and pigments
2013,201,Manufacture of other inorganic basic chemicals
2014,201,Manufacture of other organic basic chemicals
2015,201,Manufacture of fertilisers and nitrogen compounds
2016,201,Manufacture of plastics in primary forms
2017,201,Manufacture of synthetic rubber in primary forms
202,20,"Manufacture of pesticides, disinfectants and other agrochemical products"
2020,202,"Manufacture of pesticides, disinfectants and other agrochemical products"
203,20,"Manufacture of paints, varnishes and similar coatings, printing ink and mastics"
2030,203,"Manufacture of paints, varnishes and similar coatings, printing ink and mastics"
204,20,"Manufacture of washing, cleaning and polishing preparations"
2041,204,"Manufacture of soap and detergents, cleaning and polishing preparations"
2042,204,Manufacture of perfumes and toilet preparations
205,20,Manufacture of other chemical products
2051,205,Manufacture of liquid biofuels
2059,205,Manufacture of other chemical products n.e.c.
206,20,Manufacture of man-made fibres
2060,206,Manufacture of man-made fibres
21,C,Manufacture of basic pharmaceutical products and pharmaceutical preparations
211,21,Manufacture of basic pharmaceutical products
2110,211,Manufacture of basic pharmaceutical products
212,21,Manufacture of pharmaceutical preparations
2120,212,Manufacture of pharmaceutical preparations
22,C,Manufacture of rubber and plastic products
221,22,Manufacture of rubber products
2211,221,"Manufacture, retreading and rebuilding of rubber tyres and manufacture of tubes"
2212,221,Manufacture of other rubber products
222,22,Manufacture of plastic products
2221,222,"Manufacture of plastic plates, sheets, tubes and profiles"
2222,222,Manufacture of plastic packing goods
2223,222,Manufacture of doors and windows of plastic
2224,222,Manufacture of builders’ ware of plastic
2225,222,Processing and finishing of plastic products
2226,222,Manufacture of other plastic products
23,C,Manufacture of other non-metallic mineral products
231,23,Manufacture of glass and glass products
2311,231,Manufacture of flat glass
2312,231,Shaping and processing of flat glass
2313,231,Manufacture of hollow glass
2314,231,Manufacture of glass fibres
2315,231,"Manufacture and processing of other glass, including technical glassware"
232,23,Manufacture of refractory products
2320,232,Manufacture of refractory products
233,23,Manufacture of clay building materials
2331,233,Manufacture of ceramic tiles and flags
2332,233,"Manufacture of bricks, tiles and construction products, in baked clay"
234,23,Manufacture of other porcelain and ceramic products
2341,234,Manufacture of ceramic household and ornamental articles
2342,234,Manufacture of ceramic sanitary fixtures
2343,234,Manufacture of ceramic insulators and insulating fittings
2344,234,Manufacture of other technical ceramic products
2345,234,Manufacture of other ceramic products
235,23,"Manufacture of cement, lime and plaster"
2351,235,Manufacture of cement
2352,235,Manufacture of lime and plaster
236,23,"Manufacture of articles of concrete, cement and plaster"
2361,236,Manufacture of concrete products for construction purposes
2362,236,Manufacture of plaster products for construction purposes
2363,236,Manufacture of ready-mixed concrete
2364,236,Manufacture of mortars
2365,236,Manufacture of fibre cement
2366,236,"Manufacture of other articles of concrete, cement and plaster"
237,23,"Cutting, shaping and finishing of stone"
2370,237,"Cutting, shaping and finishing of stone"
239,23,Manufacture of abrasive products and non-metallic mineral products n.e.c.
2391,239,Manufacture of abrasive products
2399,239,Manufacture of other non-metallic mineral products n.e.c.
24,C,Manufacture of basic metals
241,24,Manufacture of basic iron and steel and of ferro-alloys
2410,241,Manufacture of basic iron and steel and of ferro-alloys
242,24,"Manufacture of tubes, pipes, hollow profiles and related fittings, of steel"
2420,242,"Manufacture of tubes, pipes, hollow profiles and related fittings, of steel"
243,24,Manufacture of other products of first processing of steel
2431,243,Cold drawing of bars
2432,243,Cold rolling of narrow strip
2433,243,Cold forming or folding
2434,243,Cold drawing of wire
244,24,Manufacture of basic precious and other non-ferrous metals
2441,244,Precious metals production
2442,244,Aluminium production
2443,244,"Lead, zinc and tin production"
2444,244,Copper production
2445,244,Other non-ferrous metal production
2446,244,Processing of nuclear fuel
245,24,Casting of metals
2451,245,Casting of iron
2452,245,Casting of steel
2453,245,Casting of light metals
2454,245,Casting of other non-ferrous metals
25,C,"Manufacture of fabricated metal products, except machinery and equipment"
251,25,Manufacture of structural metal products
2511,251,Manufacture of metal structures and parts of structures
2512,251,Manufacture of doors and windows of metal
252,25,"Manufacture of tanks, reservoirs and containers of metal"
2521,252,"Manufacture of central heating radiators, steam generators and boilers"
2522,252,"Manufacture of other tanks, reservoirs and containers of metal"
253,25,Manufacture of weapons and ammunition
2530,253,Manufacture of weapons and ammunition
254,25,Forging and shaping metal and powder metallurgy
2540,254,Forging and shaping metal and powder metallurgy
255,25,Treatment and coating of metals; machining
2551,255,Coating of metals
2552,255,Heat treatment of metals
2553,255,Machining of metals
256,25,"Manufacture of cutlery, tools and general hardware"
2561,256,Manufacture of cutlery
2562,256,Manufacture of locks and hinges
2563,256,Manufacture of tools
259,25,Manufacture of other fabricated metal products
2591,259,Manufacture of steel drums and similar containers
2592,259,Manufacture of light metal packaging
2593,259,"Manufacture of wire products, chain and springs"
2594,259,Manufacture of fasteners and screw machine products
2599,259,Manufacture of other fabricated metal products n.e.c.
26,C,"Manufacture of computer, electronic and optical products"
261,26,Manufacture of electronic components and boards
2611,261,Manufacture of electronic components
2612,261,Manufacture of loaded electronic boards
262,26,Manufacture of computers and peripheral equipment
2620,262,Manufacture of computers and peripheral equipment
263,26,Manufacture of communication equipment
2630,263,Manufacture of communication equipment
264,26,Manufacture of consumer electronics
2640,264,Manufacture of consumer electronics
265,26,"Manufacture of measuring testing instruments, clocks and watches"
2651,265,"Manufacture of instruments and appliances for measuring, testing and navigation"
2652,265,Manufacture of watches and clocks
266,26,"Manufacture of irradiation, electromedical and electrotherapeutic equipment"
2660,266,"Manufacture of irradiation, electromedical and electrotherapeutic equipment"
267,26,"Manufacture of optical instruments, magnetic and optical media and photographic equipment"
2670,267,"Manufacture of optical instruments, magnetic and optical media and photographic equipment"
27,C,Manufacture of electrical equipment
271,27,"Manufacture of electric motors, generators, transformers and electricity distribution and control apparatus"
2711,271,"Manufacture of electric motors, generators and transformers"
2712,271,Manufacture of electricity distribution and control apparatus
272,27,Manufacture of batteries and accumulators
2720,272,Manufacture of batteries and accumulators
273,27,Manufacture of wiring and wiring devices
2731,273,Manufacture of fibre optic cables
2732,273,Manufacture of other electronic and electric wires and cables
2733,273,Manufacture of wiring devices
274,27,Manufacture of lighting equipment
2740,274,Manufacture of lighting equipment
275,27,Manufacture of domestic appliances
2751,275,Manufacture of electric domestic appliances
2752,275,Manufacture of non-electric domestic appliances
279,27,Manufacture of other electrical equipment
2790,279,Manufacture of other electrical equipment
28,C,Manufacture of machinery and equipment n.e.c.
281,28,Manufacture of general-purpose machinery
2811,281,"Manufacture of engines and turbines, except aircraft, vehicle and cycle engines"
2812,281,Manufacture of fluid power equipment
2813,281,Manufacture of other pumps and compressors
2814,281,Manufacture of other taps and valves
2815,281,"Manufacture of bearings, gears, gearing and driving elements"
282,28,Manufacture of other general-purpose machinery
2821,282,"Manufacture of ovens, furnaces and permanent household heating equipment"
2822,282,Manufacture of lifting and handling equipment
2823,282,"Manufacture of office machinery and equipment, except computers and peripheral equipment"
2824,282,Manufacture of power-driven hand tools
2825,282,Manufacture of non-domestic air conditioning equipment
2829,282,Manufacture of other general-purpose machinery n.e.c.
283,28,Manufacture of agricultural and forestry machinery
2830,283,Manufacture of agricultural and forestry machinery
284,28,Manufacture of metal forming machinery and machine tools
2841,284,Manufacture of metal forming machinery and machine tools for metal work
2842,284,Manufacture of other machine tools
289,28,Manufacture of other special-purpose machinery
2891,289,Manufacture of machinery for metallurgy
2892,289,"Manufacture of machinery for mining, quarrying and construction"
2893,289,"Manufacture of machinery for food, beverage and tobacco processing"
2894,289,"Manufacture of machinery for textile, apparel and leather production"
2895,289,Manufacture of machinery for paper and paperboard production
2896,289,Manufacture of plastics and rubber machinery
2897,289,Manufacture of additive manufacturing machinery
2899,289,Manufacture of other special-purpose machinery n.e.c.
29,C,"Manufacture of motor vehicles, trailers and semi-trailers"
291,29,Manufacture of motor vehicles
2910,291,Manufacture of motor vehicles
292,29,Manufacture of bodies and coachwork for motor vehicles; manufacture of trailers and semi-trailers
2920,292,Manufacture of bodies and coachwork for motor vehicles; manufacture of trailers and semi-trailers
293,29,Manufacture of motor vehicle parts and accessories
2931,293,Manufacture of electrical and electronic equipment for motor vehicles
2932,293,Manufacture of other parts and accessories for motor vehicles
30,C,Manufacture of other transport equipment
301,30,Building of ships and boats
3011,301,Building of civilian ships and floating structures
3012,301,Building of pleasure and sporting boats
3013,301,Building of military ships and vessels
302,30,Manufacture of railway locomotives and rolling stock
3020,302,Manufacture of railway locomotives and rolling stock
303,30,Manufacture of air and spacecraft and related machinery
3031,303,Manufacture of civilian air and spacecraft and related machinery
3032,303,Manufacture of military air and spacecraft and related machinery
304,30,Manufacture of military fighting vehicles
3040,304,Manufacture of military fighting vehicles
309,30,Manufacture of transport equipment n.e.c.
3091,309,Manufacture of motorcycles
3092,309,Manufacture of bicycles and invalid carriages
3099,309,Manufacture of other transport equipment n.e.c.
31,C,Manufacture of furniture
310,31,Manufacture of furniture
3100,310,Manufacture of furniture
32,C,Other manufacturing
321,32,"Manufacture of jewellery, bijouterie and related articles"
3211,321,Striking of coins
3212,321,Manufacture of jewellery and related articles
3213,321,Manufacture of imitation jewellery and related articles
322,32,Manufacture of musical instruments
3220,322,Manufacture of musical instruments
323,32,Manufacture of sports goods
3230,323,Manufacture of sports goods
324,32,Manufacture of games and toys
3240,324,Manufacture of games and toys
325,32,Manufacture of medical and dental instruments and supplies
3250,325,Manufacture of medical and dental instruments and supplies
329,32,Manufacturing n.e.c.
3291,329,Manufacture of brooms and brushes
3299,329,Other manufacturing n.e.c.
33,C,"Repair, maintenance and installation of machinery and equipment"
331,33,"Repair and maintenance of fabricated metal products, machinery and equipment"
3311,331,Repair and maintenance of fabricated metal products
3312,331,Repair and maintenance of machinery
3313,331,Repair and maintenance of electronic and optical equipment
3314,331,Repair and maintenance of electrical equipment
3315,331,Repair and maintenance of civilian ships and boats
3316,331,Repair and maintenance of civilian air and spacecraft
3317,331,Repair and maintenance of other civilian transport equipment
3318,331,"Repair and maintenance of military fighting vehicles, ships, boats, air and spacecraft"
3319,331,Repair and maintenance of other equipment
332,33,Installation of industrial machinery and equipment
3320,332,Installation of industrial machinery and equipment
D,,"ELECTRICITY, GAS, STEAM AND AIR CONDITIONING SUPPLY"
35,D,"Electricity, gas, steam and air conditioning supply"
351,35,"Electric power generation, transmission and distribution"
3511,351,Production of electricity from non-renewable sources
3512,351,Production of electricity from renewable sources
3513,351,Transmission of electricity
3514,351,Distribution of electricity
3515,351,Trade of electricity
3516,351,Storage of electricity
352,35,"Manufacture of gas, and distribution of gaseous fuels through mains"
3521,352,Manufacture of gas
3522,352,Distribution of gaseous fuels through mains
3523,352,Trade of gas through mains
3524,352,Storage of gas as part of network supply services
353,35,Steam and air conditioning supply
3530,353,Steam and air conditioning supply
354,35,Activities of brokers and agents for electric power and natural gas
3540,354,Activities of brokers and agents for electric power and natural gas
E,,"WATER SUPPLY; SEWERAGE, WASTE MANAGEMENT AND REMEDIATION ACTIVITIES"
36,E,"Water collection, treatment and supply"
360,36,"Water collection, treatment and supply"
3600,360,"Water collection, treatment and supply"
37,E,Sewerage
370,37,Sewerage
3700,370,Sewerage
38,E,"Waste collection, recovery and disposal activities"
381,38,Waste collection
3811,381,Collection of non-hazardous waste
3812,381,Collection of hazardous waste
382,38,Waste recovery
3821,382,Materials recovery
3822,382,Energy recovery
3823,382,Other waste recovery
383,38,Waste disposal without recovery
3831,383,Incineration without energy recovery
3832,383,Landfilling or permanent storage
3833,383,Other waste disposal
39,E,Remediation activities and other waste management service activities
390,39,Remediation activities and other waste management service activities
3900,390,Remediation activities and other waste management service activities
F,,CONSTRUCTION
41,F,Construction of residential and non-residential buildings
410,41,Construction of residential and non-residential buildings
4100,410,Construction of residential and non-residential buildings
42,F,Civil engineering
421,42,Construction of roads and railways
4211,421,Construction of roads and motorways
4212,421,Construction of railways and underground railways
4213,421,Construction of bridges and tunnels
422,42,Construction of utility projects
4221,422,Construction of utility projects for fluids
4222,422,Construction of utility projects for electricity and telecommunications
429,42,Construction of other civil engineering projects
4291,429,Construction of water projects
4299,429,Construction of other civil engineering projects n.e.c.
43,F,Specialised construction activities
431,43,Demolition and site preparation
4311,431,Demolition
4312,431,Site preparation
4313,431,Test drilling and boring
432,43,"Electrical, plumbing and other construction installation activities"
4321,432,Electrical installation
4322,432,"Plumbing, heat and air-conditioning installation"
4323,432,Installation of insulation
4324,432,Other construction installation
433,43,Building completion and finishing
4331,433,Plastering
4332,433,Joinery installation
4333,433,Floor and wall covering
4334,433,Painting and glazing
4335,433,Other building completion and finishing
434,43,Specialised construction activities in construction of buildings
4341,434,Roofing activities
4342,434,Other specialised construction activities in construction of buildings
435,43,Specialised construction activities in civil engineering
4350,435,Specialised construction activities in civil engineering
436,43,Intermediation service activities for specialised construction services
4360,436,Intermediation service activities for specialised construction services
439,43,Other specialised construction activities
4391,439,Masonry and bricklaying activities
4399,439,Other specialised construction activities n.e.c.
G,,WHOLESALE AND RETAIL TRADE
46,G,Wholesale trade
461,46,Wholesale on a fee or contract basis
4611,461,"Activities of agents involved in the wholesale of agricultural raw materials, live animals, textile raw materials and semi-finished goods"
4612,461,"Activities of agents involved in the wholesale of fuels, ores, metals and industrial chemicals"
4613,461,Activities of agents involved in the wholesale of timber and building materials
4614,461,"Activities of agents involved in the wholesale of machinery, industrial equipment, ships and aircraft"
4615,461,"Activities of agents involved in the wholesale of furniture, household goods, hardware and ironmongery"
4616,461,"Activities of agents involved in the wholesale of textiles, clothing, fur, footwear and leather goods"
4617,461,"Activities of agents involved in the wholesale of food, beverages and tobacco"
4618,461,Activities of agents involved in the wholesale of other particular products
4619,461,Activities of agents involved in non-specialised wholesale
462,46,Wholesale of agricultural raw materials and live animals
4621,462,"Wholesale of grain, unmanufactured tobacco, seeds and animal feeds"
4622,462,Wholesale of flowers and plants
4623,462,Wholesale of live animals
4624,462,"Wholesale of hides, skins and leather"
463,46,"Wholesale of food, beverages and tobacco"
4631,463,Wholesale of fruit and vegetables
4632,463,"Wholesale of meat, meat products, fish and fish products"
4633,463,"Wholesale of dairy products, eggs and edible oils and fats"
4634,463,Wholesale of beverages
4635,463,Wholesale of tobacco products
4636,463,"Wholesale of sugar, chocolate and sugar confectionery"
4637,463,"Wholesale of coffee, tea, cocoa and spices"
4638,463,Wholesale of other food
4639,463,"Non-specialised wholesale of food, beverages and tobacco"
464,46,Wholesale of household goods
4641,464,Wholesale of textiles
4642,464,Wholesale of clothing and footwear
4643,464,Wholesale of electrical household appliances
4644,464,Wholesale of china and glassware and cleaning materials
4645,464,Wholesale of perfume and cosmetics
4646,464,Wholesale of pharmaceutical and medical goods
4647,464,"Wholesale of household, office and shop furniture, carpets and lighting equipment"
4648,464,Wholesale of watches and jewellery
4649,464,Wholesale of other household goods
465,46,Wholesale of information and communication equipment
4650,465,Wholesale of information and communication equipment
466,46,"Wholesale of other machinery, equipment and supplies"
4661,466,"Wholesale of agricultural machinery, equipment and supplies"
4662,466,Wholesale of machine tools
4663,466,"Wholesale of mining, construction and civil engineering machinery"
4664,466,Wholesale of other machinery and equipment
467,46,"Wholesale of motor vehicles, motorcycles and related parts and accessories"
4671,467,Wholesale of motor vehicles
4672,467,Wholesale of motor vehicle parts and accessories
4673,467,"Wholesale of motorcycles, motorcycle parts and accessories"
468,46,Other specialised wholesale
4681,468,"Wholesale of solid, liquid and gaseous fuels and related products"
4682,468,Wholesale of metals and metal ores
4683,468,"Wholesale of wood, construction materials and sanitary equipment"
4684,468,"Wholesale of hardware, plumbing and heating equipment and supplies"
4685,468,Wholesale of chemical products
4686,468,Wholesale of other intermediate products
4687,468,Wholesale of waste and scrap
4689,468,Other specialised wholesale n.e.c.
469,46,Non-specialised wholesale trade
4690,469,Non-specialised wholesale trade
47,G,Retail trade
471,47,Non-specialised retail sale
4711,471,"Non-specialised retail sale of predominately food, beverages or tobacco"
4712,471,Other non-specialised retail sale
472,47,"Retail sale of food, beverages and tobacco"
4721,472,Retail sale of fruit and vegetables
4722,472,Retail sale of meat and meat products
4723,472,"Retail sale of fish, crustaceans and molluscs"
4724,472,"Retail sale of bread, cake and confectionery"
4725,472,Retail sale of beverages
4726,472,Retail sale of tobacco products
4727,472,Retail sale of other food
473,47,Retail sale of automotive fuel
4730,473,Retail sale of automotive fuel
474,47,Retail sale of information and communication equipment
4740,474,Retail sale of information and communication equipment
475,47,Retail sale of other household equipment
4751,475,Retail sale of textiles
4752,475,"Retail sale of hardware, building materials, paints and glass"
4753,475,"Retail sale of carpets, rugs, wall and floor coverings"
4754,475,Retail sale of electrical household appliances
4755,475,"Retail sale of furniture, lighting equipment, tableware and other household goods"
476,47,Retail sale of cultural and recreational goods
4761,476,Retail sale of books
4762,476,"Retail sale of newspapers, and other periodical publications and stationery"
4763,476,Retail sale of sporting equipment
4764,476,Retail sale of games and toys
4769,476,Retail sale of cultural and recreational goods n.e.c.
477,47,"Retail sale of other goods, except motor vehicles and motorcycles"
4771,477,Retail sale of clothing
4772,477,Retail sale of footwear and leather goods
4773,477,Retail sale of pharmaceutical products
4774,477,Retail sale of medical and orthopaedic goods
4775,477,Retail sale of cosmetic and toilet articles
4776,477,"Retail sale of flowers, plants, fertilisers, pets and pet food"
4777,477,Retail sale of watches and jewellery
4778,477,Retail sale of other new goods
4779,477,Retail sale of second-hand goods
478,47,"Retail sale of motor vehicles, motorcycles and related parts and accessories"
4781,478,Retail sale of motor vehicles
4782,478,Retail sale of motor vehicle parts and accessories
4783,478,"Retail sale of motorcycles, motorcycle parts and accessories"
479,47,Intermediation service activities for retail sale
4791,479,Intermediation service activities for non-specialised retail sale
4792,479,Intermediation service activities for specialised retail sale
H,,TRANSPORTATION AND STORAGE
49,H,Land transport and transport via pipelines
491,49,Passenger rail transport
4911,491,Passenger heavy rail transport
4912,491,Other passenger rail transport
492,49,Freight rail transport
4920,492,Freight rail transport
493,49,Other passenger land transport
4931,493,Scheduled passenger transport by road
4932,493,Non-scheduled passenger transport by road
4933,493,On-demand passenger transport service activities by vehicle with driver
4934,493,Passenger transport by cableways and ski lifts
4939,493,Other passenger land transport n.e.c.
494,49,Freight transport by road and removal services
4941,494,Freight transport by road
4942,494,Removal services
495,49,Transport via pipeline
4950,495,Transport via pipeline
50,H,Water transport
501,50,Sea and coastal passenger water transport
5010,501,Sea and coastal passenger water transport
502,50,Sea and coastal freight water transport
5020,502,Sea and coastal freight water transport
503,50,Inland passenger water transport
5030,503,Inland passenger water transport
504,50,Inland freight water transport
5040,504,Inland freight water transport
51,H,Air transport
511,51,Passenger air transport
5110,511,Passenger air transport
512,51,Freight air transport and space transport
5121,512,Freight air transport
5122,512,Space transport
52,H,"Warehousing, storage and support activities for transportation"
521,52,Warehousing and storage
5210,521,Warehousing and storage
522,52,Support activities for transportation
5221,522,Service activities incidental to land transportation
5222,522,Service activities incidental to water transportation
5223,522,Service activities incidental to air transportation
5224,522,Cargo handling
5225,522,Logistics service activities
5226,522,Other support activities for transportation
523,52,Intermediation service activities for transportation
5231,523,Intermediation service activities for freight transportation
5232,523,Intermediation service activities for passenger transportation
53,H,Postal and courier activities
531,53,Postal activities under universal service obligation
5310,531,Postal activities under universal service obligation
532,53,Other postal and courier activities
5320,532,Other postal and courier activities
533,53,Intermediation service activities for postal and courier activities
5330,533,Intermediation service activities for postal and courier activities
I,,ACCOMMODATION AND FOOD SERVICE ACTIVITIES
55,I,Accommodation
551,55,Hotels and similar accommodation
5510,551,Hotels and similar accommodation
552,55,Holiday and other short-stay accommodation
5520,552,Holiday and other short-stay accommodation
553,55,Camping grounds and recreational vehicle parks
5530,553,Camping grounds and recreational vehicle parks
554,55,Intermediation service activities for accommodation
5540,554,Intermediation service activities for accommodation
559,55,Other accommodation
5590,559,Other accommodation
56,I,Food and beverage service activities
561,56,Restaurants and mobile food service activities
5611,561,Restaurant activities
5612,561,Mobile food service activities
562,56,"Event catering, contract catering service activities and other food service activities"
5621,562,Event catering activities
5622,562,Contract catering service activities and other food service activities
563,56,Beverage serving activities
5630,563,Beverage serving activities
564,56,Intermediation service activities for food and beverage services activities
5640,564,Intermediation service activities for food and beverage services activities
J,,"PUBLISHING, BROADCASTING, AND CONTENT PRODUCTION AND DISTRIBUTION ACTIVITIES"
58,J,Publishing activities
581,58,"Publishing of books, newspapers and other publishing activities, except software publishing"
5811,581,Publishing of books
5812,581,Publishing of newspapers
5813,581,Publishing of journals and periodicals
5819,581,"Other publishing activities, except software publishing"
582,58,Software publishing
5821,582,Publishing of video games
5829,582,Other software publishing
59,J,"Motion picture, video and television programme production, sound recording and music publishing activities"
591,59,"Motion picture, video and television programme activities"
5911,591,"Motion picture, video and television programme production activities"
5912,591,"Motion picture, video and television programme post-production activities"
5913,591,Motion picture and video distribution activities
5914,591,Motion picture projection activities
592,59,Sound recording and music publishing activities
5920,592,Sound recording and music publishing activities
60,J,"Programming, broadcasting, news agency and other content distribution activities"
601,60,Radio broadcasting and audio distribution activities
6010,601,Radio broadcasting and audio distribution activities
602,60,"Television programming, broadcasting and video distribution activities"
6020,602,"Television programming, broadcasting and video distribution activities"
603,60,News agency and other content distribution activities
6031,603,News agency activities
6039,603,Other content distribution activities
K,,"TELECOMMUNICATION, COMPUTER PROGRAMMING, CONSULTING, COMPUTING INFRASTRUCTURE AND OTHER INFORMATION SERVICE ACTIVITIES"
61,K,Telecommunication
611,61,"Wired, wireless, and satellite telecommunication activities"
6110,611,"Wired, wireless, and satellite telecommunication activities"
612,61,Telecommunication reselling activities and intermediation service activities for telecommunication
6120,612,Telecommunication reselling activities and intermediation service activities for telecommunication
619,61,Other telecommunication activities
6190,619,Other telecommunication activities
62,K,"Computer programming, consultancy and related activities"
621,62,Computer programming activities
6210,621,Computer programming activities
622,62,Computer consultancy and computer facilities management activities
6220,622,Computer consultancy and computer facilities management activities
629,62,Other information technology and computer service activities
6290,629,Other information technology and computer service activities
63,K,"Computing infrastructure, data processing, hosting and other information service activities"
631,63,"Computing infrastructure, data processing, hosting and related activities"
6310,631,"Computing infrastructure, data processing, hosting and related activities"
639,63,Web search portal activities and other information service activities
6391,639,Web search portal activities
6392,639,Other information service activities
L,,FINANCIAL AND INSURANCE ACTIVITIES
64,L,"Financial service activities, except insurance and pension funding"
641,64,Monetary intermediation
6411,641,Central banking
6419,641,Other monetary intermediation
642,64,Activities of holding companies and financing conduits
6421,642,Activities of holding companies
6422,642,Activities of financing conduits
643,64,"Activities of trusts, funds and similar financial entities"
6431,643,Activities of money market and non-money market investments funds
6432,643,"Activities of trust, estate and agency accounts"
649,64,"Other financial service activities, except insurance and pension funding"
6491,649,Financial leasing
6492,649,Other credit granting
6499,649,"Other financial service activities, except insurance and pension funding n.e.c."
65,L,"Insurance, reinsurance and pension funding, except compulsory social security"
651,65,Insurance
6511,651,Life insurance
6512,651,Non-life insurance
652,65,Reinsurance
6520,652,Reinsurance
653,65,Pension funding
6530,653,Pension funding
66,L,Activities auxiliary to financial services and insurance activities
661,66,"Activities auxiliary to financial services, except insurance and pension funding"
6611,661,Administration of financial markets
6612,661,Security and commodity contracts brokerage
6619,661,"Other activities auxiliary to financial services, except insurance and pension funding"
662,66,Activities auxiliary to insurance and pension funding
6621,662,Risk and damage evaluation
6622,662,Activities of insurance agents and brokers
6629,662,Activities auxiliary to insurance and pension funding n.e.c.
663,66,Fund management activities
6630,663,Fund management activities
M,,REAL ESTATE ACTIVITIES
68,M,Real estate activities
681,68,Real estate activities with own property and development of building projects
6811,681,Buying and selling of own real estate
6812,681,Development of building projects
682,68,Rental and operating of own or leased real estate
6820,682,Rental and operating of own or leased real estate
683,68,Real estate activities on a fee or contract basis
6831,683,Intermediation service activities for real estate activities
6832,683,Other real estate activities on a fee or contract basis
N,,"PROFESSIONAL, SCIENTIFIC AND TECHNICAL ACTIVITIES"
69,N,Legal and accounting activities
691,69,Legal activities
6910,691,Legal activities
692,69,"Accounting, bookkeeping and auditing activities; tax consultancy"
6920,692,"Accounting, bookkeeping and auditing activities; tax consultancy"
70,N,Activities of head offices and management consultancy
701,70,Activities of head offices
7010,701,Activities of head offices
702,70,Business and other management consultancy activities
7020,702,Business and other management consultancy activities
71,N,Architectural and engineering activities; technical testing and analysis
711,71,Architectural and engineering activities and related technical consultancy
7111,711,Architectural activities
7112,711,Engineering activities and related technical consultancy
712,71,Technical testing and analysis
7120,712,Technical testing and analysis
72,N,Scientific research and development
721,72,Research and experimental development on natural sciences and engineering
7210,721,Research and experimental development on natural sciences and engineering
722,72,Research and experimental development on social sciences and humanities
7220,722,Research and experimental development on social sciences and humanities
73,N,"Activities of advertising, market research and public relations"
731,73,Advertising
7311,731,Activities of advertising agencies
7312,731,Media representation
732,73,Market research and public opinion polling
7320,732,Market research and public opinion polling
733,73,Public relations and communication activities
7330,733,Public relations and communication activities
74,N,"Other professional, scientific and technical activities"
741,74,Specialised design activities
7411,741,Industrial product and fashion design activities
7412,741,Graphic design and visual communication activities
7413,741,Interior design activities
7414,741,Other specialised design activities
742,74,Photographic activities
7420,742,Photographic activities
743,74,Translation and interpretation activities
7430,743,Translation and interpretation activities
749,74,"Other professional, scientific and technical activities n.e.c."
7491,749,Patent brokering and marketing service activities
7499,749,"All other professional, scientific and technical activities n.e.c."
75,N,Veterinary activities
750,75,Veterinary activities
7500,750,Veterinary activities
O,,ADMINISTRATIVE AND SUPPORT SERVICE ACTIVITIES
77,O,Rental and leasing activities
771,77,Rental and leasing of motor vehicles
7711,771,Rental and leasing of cars and light motor vehicles
7712,771,Rental and leasing of trucks
772,77,Rental and leasing of personal and household goods
7721,772,Rental and leasing of recreational and sports goods
7722,772,Rental and leasing of other personal and household goods
773,77,"Rental and leasing of other machinery, equipment and tangible goods"
7731,773,Rental and leasing of agricultural machinery and equipment
7732,773,Rental and leasing of construction and civil engineering machinery and equipment
7733,773,"Rental and leasing of office machinery, equipment and computers"
7734,773,Rental and leasing of water transport equipment
7735,773,Rental and leasing of air transport equipment
7739,773,"Rental and leasing of other machinery, equipment and tangible goods n.e.c."
774,77,"Leasing of intellectual property and similar products, except copyrighted works"
7740,774,"Leasing of intellectual property and similar products, except copyrighted works"
775,77,Intermediation service activities for rental and leasing of tangible goods and non-financial intangible assets
7751,775,"Intermediation service activities for rental and leasing of cars, motorhomes and trailers"
7752,775,Intermediation service activities for rental and leasing of other tangible goods and non-financial intangible assets
78,O,Employment activities
781,78,Activities of employment placement agencies
7810,781,Activities of employment placement agencies
782,78,Temporary employment agency activities and other human resource provisions
7820,782,Temporary employment agency activities and other human resource provisions
79,O,"Travel agency, tour operator and other reservation service and related activities"
791,79,Travel agency and tour operator activities
7911,791,Travel agency activities
7912,791,Tour operator activities
799,79,Other reservation service and related activities
7990,799,Other reservation service and related activities
80,O,Investigation and security activities
800,80,Investigation and security activities
8001,800,Investigation and private security activities
8009,800,Security activities n.e.c.
81,O,Services to buildings and landscape activities
811,81,Combined facilities support activities
8110,811,Combined facilities support activities
812,81,Cleaning activities
8121,812,General cleaning of buildings
8122,812,Other building and industrial cleaning activities
8123,812,Other cleaning activities
813,81,Landscape service activities
8130,813,Landscape service activities
82,O,"Office administrative, office support and other business support activities"
821,82,Office administrative and support activities
8210,821,Office administrative and support activities
822,82,Activities of call centres
8220,822,Activities of call centres
823,82,Organisation of conventions and trade shows
8230,823,Organisation of conventions and trade shows
824,82,Intermediation service activities for business support service activities n.e.c.
8240,824,Intermediation service activities for business support service activities n.e.c.
829,82,Business support service activities n.e.c.
8291,829,Activities of collection agencies and credit bureaus
8292,829,Packaging activities
8299,829,Other business support service activities n.e.c.
P,,PUBLIC ADMINISTRATION AND DEFENCE; COMPULSORY SOCIAL SECURITY
84,P,Public administration and defence; compulsory social security
841,84,"Administration of the State and the economic, social and environmental policies of the community"
8411,841,General public administration activities
8412,841,"Regulation of health care, education, cultural services and other social services"
8413,841,Regulation of and contribution to more efficient operation of businesses
842,84,Provision of services to the community as a whole
8421,842,Foreign affairs
8422,842,Defence activities
8423,842,Justice and judicial activities
8424,842,Public order and safety activities
8425,842,Fire service activities
843,84,Compulsory social security activities
8430,843,Compulsory social security activities
Q,,EDUCATION
85,Q,Education
851,85,Pre-primary education
8510,851,Pre-primary education
852,85,Primary education
8520,852,Primary education
853,85,Secondary and post-secondary non-tertiary education
8531,853,General secondary education
8532,853,Vocational secondary education
8533,853,Post-secondary non-tertiary education
854,85,Tertiary education
8540,854,Tertiary education
855,85,Other education
8551,855,Sports and recreation education
8552,855,Cultural education
8553,855,Driving school activities
8559,855,Other education n.e.c.
856,85,Educational support activities
8561,856,Intermediation service activities for courses and tutors
8569,856,Educational support activities n.e.c.
R,,HUMAN HEALTH AND SOCIAL WORK ACTIVITIES
86,R,Human health activities
861,86,Hospital activities
8610,861,Hospital activities
862,86,Medical and dental practice activities
8621,862,General medical practice activities
8622,862,Medical specialists activities
8623,862,Dental practice care activities
869,86,Other human health activities
8691,869,Diagnostic imaging services and medical laboratory activities
8692,869,Patient transportation by ambulance
8693,869,"Activities of psychologists and psychotherapists, except medical doctors"
8694,869,Nursing and midwifery activities
8695,869,Physiotherapy activities
8696,869,"Traditional, complementary and alternative medicine activities"
8697,869,"Intermediation service activities for medical, dental and other human health services"
8699,869,Other human health activities n.e.c.
87,R,Residential care activities
871,87,Residential nursing care activities
8710,871,Residential nursing care activities
872,87,Residential care activities for persons living with or having a diagnosis of a mental illness or substance abuse
8720,872,Residential care activities for persons living with or having a diagnosis of a mental illness or substance abuse
873,87,Residential care activities for older persons or persons with physical disabilities
8730,873,Residential care activities for older persons or persons with physical disabilities
879,87,Other residential care activities
8791,879,Intermediation service activities for residential care activities
8799,879,Other residential care activities n.e.c.
88,R,Social work activities without accommodation
881,88,Social work activities without accommodation for older persons or persons with disabilities
8810,881,Social work activities without accommodation for older persons or persons with disabilities
889,88,Other social work activities without accommodation
8891,889,Child day-care activities
8899,889,Other social work activities without accommodation n.e.c.
S,,"ARTS, SPORTS AND RECREATION"
90,S,Arts creation and performing arts activities
901,90,Arts creation activities
9011,901,Literary creation and musical composition activities
9012,901,Visual arts creation activities
9013,901,Other arts creation activities
902,90,Activities of performing arts
9020,902,Activities of performing arts
903,90,Support activities to arts creation and performing arts
9031,903,Operation of arts facilities and sites
9039,903,Other support activities to arts and performing arts
91,S,"Libraries, archives, museums and other cultural activities"
911,91,Library and archive activities
9111,911,Library activities
9112,911,Archive activities
912,91,"Museum, collection, historical site and monument activities"
9121,912,Museum and collection activities
9122,912,Historical site and monument activities
913,91,"Conservation, restoration and other support activities for cultural heritage"
9130,913,"Conservation, restoration and other support activities for cultural heritage"
914,91,Botanical and zoological garden and nature reserve activities
9141,914,Botanical and zoological garden activities
9142,914,Nature reserve activities
92,S,Gambling and betting activities
920,92,Gambling and betting activities
9200,920,Gambling and betting activities
93,S,Sports activities and amusement and recreation activities
931,93,Sports activities
9311,931,Operation of sports facilities
9312,931,Activities of sports clubs
9313,931,Activities of fitness centres
9319,931,Sports activities n.e.c.
932,93,Amusement and recreation activities
9321,932,Activities of amusement parks and theme parks
9329,932,Amusement and recreation activities n.e.c.
T,,OTHER SERVICE ACTIVITIES
94,T,Activities of membership organisations
941,94,"Activities of business, employers and professional membership organisations"
9411,941,Activities of business and employers membership organisations
9412,941,Activities of professional membership organisations
942,94,Activities of trade unions
9420,942,Activities of trade unions
949,94,Activities of other membership organisations
9491,949,Activities of religious organisations
9492,949,Activities of political organisations
9499,949,Activities of other membership organisations n.e.c.
95,T,"Repair and maintenance of computers, personal and household goods, and motor vehicles and motorcycles"
951,95,Repair and maintenance of computers and communication equipment
9510,951,Repair and maintenance of computers and communication equipment
952,95,Repair and maintenance of personal and household goods
9521,952,Repair and maintenance of consumer electronics
9522,952,Repair and maintenance of household appliances and home and garden equipment
9523,952,Repair and maintenance of footwear and leather goods
9524,952,Repair and maintenance of furniture and home furnishings
9525,952,"Repair and maintenance of watches, clocks and jewellery"
9529,952,Repair and maintenance of personal and household goods n.e.c.
953,95,Repair and maintenance of motor vehicles and motorcycles
9531,953,Repair and maintenance of motor vehicles
9532,953,Repair and maintenance of motorcycles
954,95,"Intermediation service activities for repair and maintenance of computers, personal and household goods, and motor vehicles and motorcycles"
9540,954,"Intermediation service activities for repair and maintenance of computers, personal and household goods, and motor vehicles and motorcycles"
96,T,Personal service activities
961,96,Washing and cleaning of textile and fur products
9610,961,Washing and cleaning of textile and fur products
962,96,"Hairdressing, beauty treatment, day spa and similar activities"
9621,962,Hairdressing and barber activities
9622,962,Beauty care and other beauty treatment activities
9623,962,"Day spa, sauna and steam bath activities"
963,96,Funeral and related activities
9630,963,Funeral and related activities
964,96,Intermediation service activities for personal services
9640,964,Intermediation service activities for personal services
969,96,Other personal service activities
9691,969,Provision of domestic personal service activities
9699,969,Other personal service activities n.e.c.
U,,ACTIVITIES OF HOUSEHOLDS AS EMPLOYERS AND UNDIFFERENTIATED GOODS - AND SERVICE-PRODUCING ACTIVITIES OF HOUSEHOLDS FOR OWN USE
97,U,Activities of households as employers of domestic personnel
970,97,Activities of households as employers of domestic personnel
9700,970,Activities of households as employers of domestic personnel
98,U,Undifferentiated goods- and service-producing activities of private households for own use
981,98,Undifferentiated goods-producing activities of private households for own use
9810,981,Undifferentiated goods-producing activities of private households for own use
982,98,Undifferentiated service-producing activities of private households for own use
9820,982,Undifferentiated service-producing activities of private households for own use
V,,ACTIVITIES OF EXTRATERRITORIAL ORGANISATIONS AND BODIES
99,V,Activities of extraterritorial organisations and bodies
990,99,Activities of extraterritorial organisations and bodies
9900,990,Activities of extraterritorial organisations and bodies
